STM,Abf1,Hap5,Sense,0.08,0,0.02,0.01,0.02,0.03,0,0.03,0.03,0.03,0.01,0.04,0,0.01,0.01,0.02,0.01,0,0,0,0.01,0.03,0.01,0,0.03,0.01,0.03,0.03,0,0,0.02,0.03,0.02,0.01,0.03,0.01,0.04,0.02,0,0.01,0,0.02,0,0.04,0.01,0.01,0.02,0,0.02,0,0.01,0,0.02,0,0.03,0,0,0.02,0.04,0.05,0.01,0.01,0.03,0.04,0.01,0.01,0,0.04,0.01,0.01,0.02,0.09,0.01,0.05,0.01,0,0.03,0.06,0.05,0,0.02,0.02,0,0.01,0.01,0.02,0.06,0.04,0.02,0.02,0.04,0.03,0,0.02,0,0.04,0.04,0.02,0.02,0.01,0.02,0.01,0.04,0.01,0.02,0,0,0.02,0.02,0.08,0.01,0.03,0.01,0.03,0.05,0.01,0.03,0.04,0.01,0.03,0,0,0.04,0.03,0,0.01,0.04,0.01,0,0.02,0.05,0,0,0.02,0.01,0.04,0.01,0,0.06,0.05,0,0.04,0.05,0.03,0.02,0.05,0.02,0.04,0.02,0.04,0.05,0.03,0,0.04,0.03,0.02,0,0.03,0.01,0.01,0,0.01,0.04,0.02,0.06,0.03,0.01,0,0.01,0.04,0.02,0.02,0.01,0.03,0,0,0.1,0.06,0,0.06,0.06,0.06,0.03,0.01,0.05,0.02,0.01,0.05,0,0.06,0.02,0.01,0.04,0.05,0.02,0.06,0.04,0.03,0.05,0.03,0.04,0.02,0.01,0.04,0.03,0.02,0.08,0.08,0.01,0.05,0.03,0.04,0.05,0.04,0.02,0.01,0.03,0.04,0.05,0.01,0,0.01,0.01,0.01,0.01,0.04,0.01,0.02,0.03,0.05,0.05,0.09,0.06,0.08,0.01,0.08,0.05,0.02,0,0.03,0.06,0.02,0.05,0,0.01,0,0.02,0.02,0.06,0.02,0,0.01,0,0,0.03,0,0.02,0.01,0.04,0,0.01,0.04,0.02,0.03,0.02,0.02,0.02,0.03,0.02,0.01,0.02,0.02,0.01,0.04,0,0.03,0.04,0.01,0.04,0,0,0,0.01,0,0,0.03,0,0.01,0.03,0.02,0.03,0.01,0,0.05,0.01,0.05,0.04,0.01,0.01,0,0.02,0.02,0.02,0.05,0,0.03,0,0.03,0.02,0.02,0.01,0.04,0.03,0,0.02,0.02,0,0,0.02,0.02,0.01,0.02,0.01,0,0.01,0.03,0.03,0,0,0.04,0.01,0.01,0.01,0.01,0.01,0.04,0.04,0.03,0,0.01,0.04,0.01,0.03,0,0,0.02,0.03,0,0.04,0,0.01,0.05,0.03,0.02,0.03,0.01,0.02,0.02,0,0,0,0.02,0,0,0.01,0.01,0.03,0.03,0.05,0.01,0,0.03,0,0.02,0.01,0,0.05,0,0.02,0,0.01,0.02,0.09,0.01,0,0,0.03,0.01,0.02,0,0.08,0,0.05,0.02,0.01,0.01,0,0.03,0,0.02,0.02,0,0.03,0.02,0.03,0.03,0,0,0,0.01,0.03,0,0.04,0,0.01,0.05,0.02,0.01,0.01,0.02,0,0.08,0,0.03,0.01,0.02,0,0,0.03,0.02,0,0.02,0.03,0.08,0.03,0.05,0.01,0,0.03,0,0.01,0,0.05,0.05,0.02,0,0.02,0.02,0.03,0.01,0.04,0.02,0.03,0.01,0.03,0.01,0,0.02,0,0,0,0,0.01,0.02,0.02,0.04,0.02,0.03,0.01,0.01,0.06,0.02,0,0,0,0.02,0.03,0.01,0.02,0,0.03,0.01,0.01,0.01,0.02,0.01,0.03,0,0.01,0.01,0,0.03,0,0.02,0.01,0.01,0.03,0.01,0.04,0,0.01,0.02,0.05,0.03,0.02,0.04,0,0.03,0.04,0.06,0,0.04,0.02,0.02,0,0.04,0,0.05,0.03,0.02,0.02,0.04,0.01,0.01,0,0.02,0,0.03,0.02,0.03,0.01,0.05,0.03,0.03,0,0.01,0.03,0.03,0.02,0,0.03,0.02,0.04,0.03,0.06,0.01,0.05,0.03,0.02,0.02,0,0.02,0.01,0.01,0.03,0,0.03,0.02,0,0.04,0,0.01,0.02,0.06,0.01,0.05,0.03,0.01,0.01,0.02,0,0.05,0.01,0.08,0.03,0.03,0.05,0.05,0.05,0.01,0.09,0.06,0,0.03,0,0.01,0.01,0.02,0.01,0,0.01,0.02,0.05,0.01,0,0,0.03,0.04,0.02,0.03,0.02,0.01,0.01,0.01,0.01,0.02,0.01,0.03,0.05,0,0.02,0.02,0.08,0.02,0,0.04,0.01,0.03,0.05,0.03,0.05,0.02,0,0.02,0,0.01,0.02,0,0.04,0.01,0.03,0,0.01,0.02,0.01,0,0.01,0.01,0,0.06,0,0.04,0.03,0.03,0.02,0.01,0.02,0.03,0,0.02,0.03,0.02,0.02,0.02,0.06,0,0,0.02,0,0.01,0,0,0.02,0,0.02,0.02,0.03,0.04,0.01,0,0.01,0.01,0.01,0,0,0.04,0,0.02,0.03,0.04,0.03,0.03,0.03,0,0.02,0,0.01,0,0,0,0.03,0,0.02,0,0.04,0.01,0,0,0.02,0.01,0.01,0.02,0,0,0.01,0.02,0.01,0,0.02,0,0,0,0.04,0.06,0.04,0.01,0.01,0.02,0,0.01,0.01,0.01,0.01,0.03,0,0.01,0.06,0,0,0.04,0.02,0.06,0.02,0.03,0.02,0,0.03,0.02,0.05,0.02,0,0.03,0.03,0.03,0.03,0.01,0.06,0,0.02,0.03,0.03,0,0.01,0.02,0.01,0.04,0.01,0,0,0,0.01,0.02,0.02,0.02,0.01,0,0.01,0.01,0.03,0.02,0.03,0.01,0.03,0.01,0,0.03,0.03,0.03,0.02,0,0.03,0.02,0.02,0.01,0.02,0,0,0.05,0.04,0,0.03,0.03,0.01,0.01,0.01,0.04,0.02,0.02,0,0.02,0.01,0.01,0.03,0.01,0.01,0.03,0.04,0.04,0.02,0.01,0.02,0.06,0,0.03,0.01,0,0.03,0.01,0,0.04,0,0.04,0,0.05,0.02,0,0.02,0,0.01,0.01,0.03,0.04,0.04,0.01,0.01,0.03,0,0.04,0.06,0.01,0.02,0.01,0,0.05,0,0.03,0.01,0.06,0.01,0.03,0.01,0,0.02,0.06,0.02,0.01,0.01,0.01,0.02,0.02,0.01,0.01,0.02,0,0.05,0.01,0.03,0.02,0,0,0.03,0.02,0,0.06,0.02,0.02,0.02,0.01,0.01,0.01,0.02,0.02,0.05,0.01,0.03,0,0.05,0,0.02,0.03,0.02,0.01,0.04,0.02,0,0.02,0.03,0.04,0.03,0.01,0.05,0.02,0.01,0.04,0,0.09,0.02,0.01,0,0.01,0.01,0,0.02,0,0.01,0.03,0,0.03,0,0.03,0.04,0.01,0,0.04,0.04,0,0.02,0.03,0.02,0,0.02,0.03,0.04,0,0.01,0.01,0,0.03,0.01,0.02,0.04,0.03,0.03,0.04,0.03,0.01,0.02,0.04,0,0.01,0.01,0.02,0.03,0.02,0,0.05,0.02,0.04,0,0.04,0.03,0.02,0.02,0.01,0.02,0.06,0.01,0,0.06,0.05,0.02,0,0,0,0.04,0.04,0.02,0,0.01,0,0,0,0.02,0.01,0.01,0.04,0.02,0.01,0.02,0.03,0.02,0.02,0.01,0,0.03,0,0,0.01,0.01,0.04
STM,Abf1,Hap5,Anti,-0.02,-0.03,-0.01,-0.04,0,-0.01,-0.01,0,-0.01,-0.01,0,0,-0.02,-0.02,-0.05,0,-0.02,-0.04,0,-0.01,-0.02,-0.04,-0.04,-0.02,0,-0.01,-0.01,-0.04,-0.02,-0.03,-0.03,0,-0.02,-0.03,-0.03,0,-0.03,0,-0.01,-0.01,-0.02,0,-0.02,0,-0.01,-0.02,-0.01,-0.02,-0.02,-0.04,0,0,-0.03,-0.02,0,-0.03,-0.02,-0.01,0,-0.03,0,-0.01,-0.01,-0.01,-0.04,-0.02,-0.02,-0.04,0,-0.02,-0.01,-0.01,0,-0.03,-0.02,-0.01,0,-0.01,-0.03,-0.09,-0.02,-0.04,-0.01,-0.01,-0.03,-0.02,-0.02,-0.03,-0.01,-0.03,-0.01,0,0,-0.01,0,-0.04,-0.01,-0.02,0,0,0,0,0,0,-0.02,-0.01,-0.01,-0.01,-0.01,0,0,-0.01,-0.05,-0.01,-0.01,0,0,-0.02,-0.02,0,0,0,-0.02,-0.02,-0.01,-0.01,0,-0.01,-0.02,-0.02,-0.03,0,-0.02,-0.01,-0.03,-0.03,0,-0.01,-0.01,-0.02,-0.01,0,-0.01,-0.02,-0.01,-0.01,-0.02,-0.03,-0.02,-0.02,-0.05,-0.01,-0.01,-0.01,-0.03,0,-0.02,-0.02,-0.03,-0.02,-0.05,-0.01,-0.02,0,-0.02,-0.01,-0.02,0,0,0,-0.03,-0.02,-0.06,-0.03,-0.03,-0.01,-0.02,-0.01,-0.02,-0.01,-0.01,0,-0.05,-0.03,-0.01,0,-0.03,-0.02,0,-0.02,-0.03,-0.04,-0.03,0,-0.01,-0.02,-0.01,-0.02,-0.03,0,-0.02,-0.02,0,0,-0.01,-0.05,-0.05,-0.01,-0.03,-0.01,0,-0.01,0,-0.04,0,-0.02,0,-0.02,-0.01,-0.01,-0.01,-0.03,-0.02,-0.01,-0.01,-0.04,0,-0.05,-0.08,-0.01,-0.01,-0.01,-0.01,0,-0.02,-0.02,0,-0.02,-0.01,-0.03,-0.06,-0.01,-0.05,-0.02,-0.06,-0.05,-0.02,-0.04,0,-0.02,-0.03,-0.04,-0.01,-0.04,-0.04,-0.05,-0.06,-0.01,-0.03,-0.01,-0.02,-0.03,0,-0.03,-0.01,-0.01,0,-0.06,-0.08,-0.02,-0.01,-0.02,-0.02,-0.1,0,-0.03,-0.11,-0.06,-0.01,-0.03,-0.06,-0.14,-0.01,-0.02,-0.04,-0.05,-0.04,-0.05,0,-0.02,-0.02,-0.02,-0.03,-0.08,-0.06,-0.03,-0.03,-0.01,-0.04,0,-0.03,0,0,-0.02,-0.06,-0.01,-0.04,-0.03,-0.03,0,-0.02,-0.04,-0.02,-0.02,-0.01,-0.04,-0.02,-0.02,-0.01,-0.06,-0.01,-0.06,-0.06,-0.05,-0.04,-0.02,-0.04,-0.01,-0.04,-0.01,-0.01,-0.05,-0.01,-0.05,-0.02,-0.06,-0.01,0,-0.03,-0.02,0,-0.01,-0.02,0,-0.01,-0.01,-0.02,-0.01,-0.06,-0.08,-0.02,-0.03,-0.01,0,-0.01,-0.03,0,-0.01,-0.01,0,0,-0.01,-0.04,-0.01,-0.01,-0.01,-0.01,-0.01,-0.02,-0.04,-0.02,-0.04,-0.04,-0.05,0,-0.01,-0.05,-0.03,0,-0.05,-0.02,-0.01,-0.03,-0.09,-0.04,-0.03,-0.06,-0.01,-0.05,-0.02,-0.01,-0.02,0,-0.02,-0.02,0,0,-0.04,-0.02,-0.04,-0.04,0,-0.01,-0.01,-0.02,-0.02,0,-0.05,-0.03,0,-0.03,0,-0.03,0,-0.01,0,-0.02,0,0,-0.02,0,-0.01,0,-0.02,-0.01,-0.01,0,-0.01,-0.02,-0.01,-0.05,-0.03,-0.02,-0.02,-0.01,0,-0.03,-0.01,-0.02,-0.02,-0.01,-0.01,-0.04,-0.01,-0.01,0,-0.03,-0.03,0,-0.04,-0.02,-0.01,-0.03,-0.01,-0.01,-0.02,-0.05,0,-0.02,-0.03,-0.02,-0.02,-0.01,-0.03,-0.02,-0.06,-0.05,-0.02,0,-0.01,0,-0.05,-0.04,0,-0.04,0,-0.04,-0.01,-0.04,0,-0.02,-0.01,-0.02,-0.01,-0.08,-0.02,0,-0.03,-0.08,-0.03,0,-0.03,0,-0.01,-0.03,-0.01,-0.01,-0.02,0,-0.01,0,0,-0.02,-0.03,0,-0.02,0,-0.02,0,-0.01,-0.02,-0.01,-0.02,-0.01,-0.02,-0.04,-0.02,0,-0.01,-0.01,-0.04,-0.03,-0.01,-0.03,-0.02,0,-0.03,0,-0.02,-0.01,-0.03,-0.04,-0.05,-0.01,-0.01,-0.05,-0.01,0,0,0,-0.05,0,-0.01,-0.02,-0.03,0,-0.01,-0.02,0,-0.01,-0.01,0,-0.02,-0.03,-0.01,-0.03,0,-0.08,-0.05,0,-0.03,0,0,-0.02,-0.1,-0.02,-0.03,-0.03,-0.01,-0.01,-0.01,-0.04,-0.05,-0.02,-0.02,-0.02,-0.03,0,-0.03,-0.02,-0.01,-0.01,-0.03,-0.04,-0.02,-0.02,-0.01,-0.02,-0.05,-0.02,-0.03,-0.01,0,-0.02,-0.02,-0.02,-0.02,-0.01,-0.01,0,0,-0.04,-0.01,0,-0.02,-0.02,0,-0.02,-0.02,-0.03,-0.03,-0.02,-0.03,-0.01,-0.02,-0.04,-0.05,0,-0.02,-0.04,-0.03,-0.01,-0.02,-0.04,-0.01,0,0,-0.08,0,-0.04,-0.03,-0.03,-0.03,-0.03,0,0,-0.03,0,-0.02,-0.03,-0.01,-0.01,-0.03,-0.01,-0.01,0,0,-0.02,-0.04,-0.01,-0.04,-0.03,-0.02,-0.02,0,-0.03,-0.04,-0.02,0,-0.03,-0.01,-0.04,-0.01,-0.04,-0.02,-0.03,-0.03,-0.01,0,-0.03,-0.02,-0.02,-0.04,-0.02,-0.04,-0.02,-0.01,-0.04,-0.02,-0.02,0,0,-0.01,-0.03,-0.02,-0.02,-0.04,-0.02,-0.08,-0.02,0,-0.01,-0.02,-0.01,-0.01,-0.09,-0.05,-0.03,-0.01,-0.02,-0.02,0,-0.02,-0.03,-0.01,-0.02,0,-0.02,-0.03,-0.03,-0.01,-0.01,-0.01,-0.05,0,0,-0.02,-0.02,-0.03,-0.01,0,-0.03,0,-0.05,-0.01,-0.02,0,-0.01,-0.06,-0.01,-0.02,-0.01,0,-0.06,-0.01,-0.02,-0.05,-0.01,-0.03,0,-0.02,0,-0.03,-0.03,-0.01,-0.04,-0.01,0,-0.03,-0.03,-0.02,-0.02,-0.03,-0.08,-0.01,-0.03,-0.01,-0.01,0,-0.02,-0.01,-0.08,0,-0.01,0,0,-0.01,0,-0.02,0,-0.03,-0.01,-0.06,-0.02,0,-0.03,0,-0.03,0,-0.01,-0.03,-0.03,0,-0.04,-0.03,-0.01,-0.03,-0.01,-0.02,-0.05,-0.03,0,0,-0.03,-0.02,0,0,0,0,-0.04,-0.03,-0.03,0,0,-0.03,-0.05,-0.02,-0.01,-0.02,0,0,-0.02,-0.01,-0.04,-0.01,-0.02,0,0,0,-0.01,-0.02,-0.01,-0.02,-0.02,-0.02,-0.05,-0.03,-0.03,-0.01,0,-0.01,0,0,-0.01,-0.01,-0.02,-0.05,0,-0.03,-0.01,-0.01,-0.03,-0.05,-0.04,0,-0.03,-0.01,-0.01,-0.02,-0.01,-0.02,-0.03,-0.02,-0.01,0,-0.04,-0.03,-0.02,-0.03,-0.06,-0.03,-0.03,-0.03,0,0,-0.01,-0.01,-0.02,-0.04,-0.04,-0.02,-0.01,-0.04,-0.01,-0.03,-0.01,0,-0.04,-0.02,-0.05,-0.09,-0.01,-0.03,-0.03,-0.02,0,-0.02,-0.03,0,0,-0.02,-0.02,-0.01,-0.04,-0.03,-0.02,-0.04,-0.04,0,0,-0.02,-0.01,-0.03,-0.06,-0.02,-0.04,-0.01,0,0,-0.03,0,-0.03,-0.01,-0.01,-0.01,-0.01,-0.03,-0.01,-0.01,-0.01,0,-0.03,-0.03,0,-0.04,-0.05,0,-0.01,-0.05,-0.03,-0.04,-0.01,-0.03,0,-0.03,-0.01,-0.01,-0.03,0,-0.02,0,0,-0.02,-0.03,-0.02,-0.04,-0.02,-0.04,0,-0.02,0,0,-0.02,-0.02,-0.02,-0.01,-0.03,-0.01,0,0,-0.02,0,-0.01,-0.03,0,0,-0.03,0,-0.02,-0.03,-0.01,-0.04,-0.04,-0.03,0,0,0,-0.03,-0.02,-0.01,-0.01,-0.03,-0.01,-0.01,-0.04,-0.02,-0.01,-0.01,-0.05,-0.02,-0.05,-0.02,-0.03,-0.02,0,0,0,-0.01,0,-0.02
STM,Aft2,Hap5,Sense,0,0,0,0,0,0,0,0,0,0,0,0,0,0,0,0,0,0.11,0,0,0,0,0,0,0,0.11,0,0,0,0,0,0,0.11,0,0.11,0,0,0,0,0,0,0,0,0.11,0,0,0,0,0,0,0,0,0,0,0,0.11,0,0,0,0,0,0,0,0.11,0,0,0,0.11,0,0,0,0,0,0,0,0,0,0,0,0.11,0,0,0,0,0,0.22,0,0,0,0,0,0,0,0.11,0.11,0,0,0,0,0,0,0,0,0,0,0,0,0,0.11,0.11,0,0,0,0,0.11,0,0,0,0,0,0,0,0,0.11,0,0,0,0,0,0,0,0,0,0,0,0,0,0,0,0,0,0,0,0,0,0.11,0,0,0,0,0,0,0,0,0,0.11,0,0,0.11,0,0,0,0,0,0,0,0,0,0,0,0,0,0,0,0.11,0,0,0,0,0,0,0,0,0,0,0,0,0,0,0,0,0.11,0,0,0,0,0,0,0.11,0,0,0.11,0,0,0.11,0,0,0,0,0,0,0.11,0,0,0,0,0,0,0.11,0,0,0,0,0,0,0,0,0,0,0,0,0,0,0,0,0.11,0,0,0,0,0,0,0,0.11,0,0,0,0,0,0,0,0,0,0,0,0,0,0,0,0,0,0,0,0,0,0.11,0,0,0,0,0,0,0,0,0.11,0,0,0,0,0,0,0,0,0.11,0,0.22,0,0,0,0,0,0,0,0,0,0,0,0,0,0.11,0,0,0,0,0,0,0,0,0,0,0,0,0,0,0,0,0,0,0,0,0,0,0,0.11,0,0,0,0,0,0,0,0,0,0,0,0,0,0,0,0,0,0,0,0,0.11,0,0,0,0,0,0.11,0,0,0,0,0,0.11,0,0,0.11,0,0,0,0,0,0,0.11,0.11,0,0.11,0,0.11,0.11,0,0,0.11,0,0.22,0,0.11,0,0,0,0,0,0,0,0,0,0.11,0,0,0,0,0,0,0,0,0,0,0,0,0.11,0,0,0,0,0,0,0,0,0,0,0.11,0,0,0,0.11,0,0.11,0,0,0,0,0,0.11,0,0,0,0,0,0,0,0.11,0,0,0,0,0.11,0,0,0,0,0,0,0.11,0,0.11,0,0,0,0,0,0,0,0,0,0,0.11,0,0,0,0.11,0.11,0.11,0,0,0,0.11,0,0,0,0.11,0,0,0.11,0.11,0,0,0,0,0,0,0,0,0,0,0,0,0.11,0,0,0,0,0,0,0,0.11,0,0,0,0.11,0,0,0,0,0,0,0.11,0,0,0,0.11,0,0,0,0,0,0,0,0,0,0,0.11,0,0.11,0,0,0,0,0,0,0.11,0,0,0,0,0,0.11,0,0,0,0,0,0,0,0,0,0,0,0.11,0.11,0,0,0,0,0,0,0,0,0,0,0,0,0,0,0,0,0,0,0,0.11,0,0,0,0,0,0.11,0,0,0.11,0,0,0,0,0,0,0,0,0.11,0,0,0,0,0,0,0,0.11,0,0,0,0,0,0,0,0,0,0,0,0,0,0,0.11,0,0,0,0,0,0,0.11,0.11,0,0,0,0,0,0,0,0,0.11,0.11,0,0,0,0,0.11,0,0,0.11,0,0,0,0,0,0,0.11,0,0,0,0,0.11,0,0,0,0,0,0,0,0,0,0,0,0,0,0,0,0.11,0,0,0,0.11,0,0.11,0,0,0.11,0.11,0,0,0,0,0.11,0.11,0,0,0.11,0,0,0,0,0,0,0,0.11,0.11,0.11,0,0,0,0,0,0,0,0.11,0,0.11,0.11,0,0,0,0,0,0,0,0,0.11,0,0,0,0,0,0,0,0,0,0,0,0.11,0,0,0,0,0,0,0,0.11,0.11,0,0,0.22,0,0,0,0.11,0,0,0,0,0.11,0,0,0.11,0.11,0,0.11,0,0,0,0,0,0,0,0,0,0.11,0,0,0,0,0,0,0,0,0.22,0,0,0,0,0,0,0,0,0,0,0,0,0,0,0.11,0.11,0.22,0,0.11,0,0,0,0,0.11,0,0,0.11,0,0.11,0,0.11,0,0,0,0,0,0,0,0,0,0,0,0,0,0,0,0,0,0,0,0,0.11,0,0,0,0,0,0,0,0.11,0,0,0.11,0,0,0,0,0,0,0,0.11,0,0.11,0,0.11,0,0,0,0,0,0.11,0,0,0,0,0,0,0,0,0,0,0.11,0,0.11,0,0.11,0,0,0,0,0,0,0,0,0,0,0,0.11,0.11,0,0,0,0,0.11,0.11,0,0,0,0.11,0,0,0.11,0,0,0,0,0,0.11,0,0,0.11,0.11,0.11,0,0,0,0.11,0,0.11,0,0.11,0,0,0,0,0,0,0,0,0,0.11,0,0.11,0,0,0,0,0,0,0,0,0,0,0,0,0,0,0,0,0.11,0,0,0,0,0,0,0,0,0,0,0,0,0,0,0,0,0,0,0,0,0,0,0,0,0,0.11,0,0,0,0,0,0,0.11,0,0,0.11,0,0,0,0,0,0,0,0,0,0,0,0,0,0,0,0,0,0.11,0,0
STM,Aft2,Hap5,Anti,0,-0.11,0,0,-0.11,-0.11,0,0,0,0,0,0,0,0,0,0,0,0,0,0,0,0,0,0,-0.11,0,0,0,-0.11,0,0,0,0,0,0,0,0,0,0,0,-0.11,0,-0.11,-0.22,0,0,0,0,0,0,0,0,0,0,0,0,0,0,0,0,0,0,-0.11,0,0,0,0,0,0,-0.11,0,-0.11,0,0,0,0,0,0,-0.11,0,0,0,-0.11,0,0,0,-0.11,0,0,0,0,0,-0.22,-0.11,0,0,-0.11,0,0,0,0,0,-0.11,-0.11,0,0,0,-0.11,0,0,0,0,-0.11,0,0,0,0,0,0,0,-0.11,-0.11,0,0,0,0,0,0,0,0,-0.11,0,0,0,0,0,0,0,0,-0.11,0,0,0,0,0,0,0,0,0,0,0,0,0,0,-0.11,0,0,0,0,0,0,0,0,0,0,0,0,0,0,0,0,0,0,0,0,0,0,-0.11,0,0,0,0,0,0,0,0,0,0,0,-0.22,0,0,-0.11,0,-0.11,0,0,-0.11,0,0,0,0,0,0,0,0,-0.22,-0.11,0,0,0,-0.11,0,0,0,0,0,-0.11,0,0,-0.11,0,0,-0.11,-0.11,0,-0.11,0,-0.11,0,0,0,0,0,-0.11,0,0,0,0,0,0,0,0,-0.11,0,0,-0.11,0,0,-0.11,0,0,0,-0.11,0,0,0,0,-0.11,0,-0.11,0,0,0,0,-0.11,0,-0.11,0,0,0,0,0,0,0,0,0,0,0,0,0,0,0,0,-0.11,-0.11,0,0,0,-0.11,0,0,0,0,0,0,0,0,0,0,0,0,0,0,0,0,-0.11,0,0,-0.11,0,0,0,0,0,-0.11,0,0,-0.11,0,0,0,-0.11,0,0,0,0,0,0,0,0,0,0,0,0,0,0,0,-0.11,0,0,0,0,0,0,-0.22,0,0,0,0,0,0,0,0,0,0,0,-0.11,0,0,0,0,0,0,0,-0.11,-0.11,0,0,0,0,0,0,-0.11,-0.11,0,0,0,0,0,0,0,-0.11,-0.11,0,-0.11,0,0,0,0,0,0,0,-0.11,0,0,0,0,0,0,0,0,0,-0.11,0,0,0,0,0,-0.11,0,0,0,0,0,0,0,0,0,-0.11,0,0,-0.11,0,0,0,0,0,0,0,0,0,0,0,0,0,0,0,0,0,0,0,0,0,0,0,-0.11,0,0,0,0,-0.11,0,0,0,0,0,0,0,0,0,0,0,0,0,0,0,0,0,-0.11,0,0,0,0,-0.11,0,0,0,0,0,0,0,0,0,0,0,0,0,0,-0.11,0,0,0,-0.11,-0.11,0,0,-0.11,0,0,0,0,0,0,0,0,0,-0.11,0,0,0,0,0,0,-0.11,0,0,0,0,0,0,-0.11,0,0,0,0,0,0,0,-0.11,-0.11,0,0,0,0,0,-0.11,0,0,0,-0.11,0,0,-0.11,0,-0.11,0,0,0,0,0,0,0,0,0,0,0,0,0,-0.11,0,0,0,0,0,0,0,0,0,0,0,0,-0.11,0,0,0,-0.11,0,0,-0.11,0,0,0,-0.11,0,0,0,0,0,-0.11,0,-0.11,0,0,0,0,-0.11,0,0,0,-0.11,0,0,0,0,0,0,0,0,0,0,0,0,-0.11,0,0,0,0,0,0,0,0,0,-0.11,0,0,-0.11,0,0,0,0,0,0,0,0,0,0,0,0,0,0,0,0,0,0,0,0,0,0,0,0,0,-0.11,-0.11,0,0,0,0,0,0,0,0,0,0,-0.11,0,0,0,0,0,0,0,0,0,0,0,0,0,0,0,0,-0.11,0,0,0,0,0,0,-0.11,0,0,0,0,0,0,0,-0.11,-0.11,0,0,0,0,0,0,0,0,0,-0.11,0,-0.11,0,0,0,0,0,0,0,0,0,0,0,0,-0.11,0,0,-0.11,0,0,-0.11,0,0,0,0,0,0,0,0,0,-0.11,0,0,0,0,0,0,0,0,-0.11,0,0,0,0,0,0,0,0,-0.11,-0.11,0,0,0,0,-0.11,0,0,0,0,0,0,0,0,0,0,0,0,0,0,0,0,0,0,0,0,0,0,-0.11,0,0,0,-0.11,0,0,0,0,0,0,0,0,-0.11,0,0,-0.11,-0.11,-0.11,-0.33,-0.22,0,0,0,0,0,0,-0.11,0,-0.11,0,0,0,0,0,0,0,0,-0.11,0,-0.11,0,-0.11,0,0,0,0,0,0,0,0,-0.11,0,0,0,0,0,0,0,-0.11,-0.11,-0.11,0,0,0,0,0,-0.22,-0.11,-0.11,0,0,0,0,0,0,0,0,0,0,-0.33,0,0,0,0,0,0,0,-0.11,-0.11,0,0,-0.11,0,0,0,0,0,0,-0.22,0,0,0,0,0,0,0,0,0,0,0,0,0,0,0,0,0,0,0,-0.11,-0.22,0,0,0,0,0,0,0,0,0,0,0,0,0,0,0,-0.11,0,0,0,0,0,0,0,-0.11,-0.11,0,-0.11,0,0,0,0,0,-0.11,0,0,0,0,0,0,-0.11,0,0,0,0,0,0,0,-0.11,-0.11,0,0,-0.11,0,0,0,-0.11,0,0,0,0,0,0,0,-0.22,-0.11,0,-0.11,0,0,0,0,0,-0.22,0,0,0,0,0,0,0,0,0,0,0,-0.11,0,0,0,-0.11,0,0,0,0,0
STM,Azf1,Hap5,Sense,0.08,0,0,0,0,0.08,0,0,0,0,0,0.08,0,0,0,0,0,0,0,0,0,0,0,0,0,0,0,0,0,0,0,0,0,0,0,0,0,0,0,0,0,0,0,0,0,0,0.17,0.42,0,0,0,0,0,0,0.17,0,0,0,0,0,0,0,0,0,0,0,0,0,0,0,0,0,0,0,0.08,0,0,0,0.17,0,0,0,0,0,0,0,0,0,0,0.17,0,0,0,0,0,0,0,0,0.08,0.08,0,0,0.17,0.08,0,0,0,0,0,0,0.08,0.25,0,0,0,0,0,0,0,0,0,0,0,0,0,0,0,0,0,0,0.08,0,0,0,0,0.08,0,0,0,0,0,0,0,0,0.08,0,0,0.08,0,0,0,0,0.25,0,0,0,0,0.17,0,0,0,0,0,0,0,0,0,0.25,0,0.08,0,0,0,0,0,0,0,0,0,0,0,0,0,0,0,0,0,0,0,0,0,0,0,0,0.17,0,0,0,0,0,0,0,0,0,0,0,0,0,0,0,0.08,0,0,0,0,0.08,0,0,0,0,0,0,0,0,0,0,0,0,0,0,0,0,0.08,0,0,0,0,0,0,0,0,0,0,0,0,0,0,0,0,0,0,0,0,0,0,0,0,0,0,0,0,0,0,0,0,0,0,0,0,0,0,0,0,0,0,0,0,0.08,0,0,0,0,0,0,0,0,0,0,0,0,0,0,0,0,0,0.08,0,0,0,0,0,0,0,0,0,0,0,0,0,0,0,0,0,0,0,0,0,0,0,0,0,0,0,0,0,0,0,0,0,0,0,0,0,0,0,0.08,0,0,0,0.25,0,0,0,0,0,0,0,0,0,0,0,0.17,0,0,0,0,0.08,0,0,0,0,0,0,0,0,0,0,0,0,0,0,0,0,0,0,0.17,0,0,0.25,0,0,0,0,0,0,0,0,0,0,0,0,0,0,0,0,0,0,0,0,0,0,0,0,0.08,0,0,0,0,0,0,0,0,0,0,0.42,0,0,0,0,0,0.17,0.17,0,0,0,0,0,0,0,0,0,0,0,0,0,0.17,0,0,0,0,0,0,0,0,0,0,0,0,0,0,0,0,0,0,0.17,0,0,0,0,0,0,0,0.08,0,0,0,0.42,0,0,0.08,0,0.17,0,0,0,0.25,0,0,0,0,0,0,0,0,0,0,0,0,0,0,0,0,0,0,0,0,0,0,0.17,0,0,0,0,0,0,0,0,0,0.08,0,0,0,0,0,0,0,0,0,0,0,0,0,0,0,0,0,0,0,0,0.17,0.17,0,0.08,0.17,0,0,0,0,0,0.17,0,0,0,0,0.17,0,0,0,0,0,0,0,0.08,0,0,0.08,0,0,0,0,0,0,0.08,0,0,0,0.17,0,0,0,0,0,0,0,0,0,0,0.08,0,0.17,0,0,0,0.08,0,0,0,0,0.17,0,0,0,0,0,0,0,0,0,0,0,0,0,0,0,0,0,0,0,0,0,0,0,0.08,0,0,0,0,0,0,0,0,0,0,0,0,0,0,0,0,0,0,0,0,0,0,0,0,0,0,0,0,0,0,0,0,0,0,0,0,0.25,0,0,0,0,0,0.17,0,0,0,0,0.08,0,0.17,0,0,0.25,0.17,0,0,0,0,0,0,0,0.08,0,0,0,0.08,0,0.17,0,0,0.25,0,0,0,0,0,0,0,0,0,0.25,0,0,0,0,0.08,0,0,0,0,0,0,0,0,0,0,0,0,0,0,0,0,0,0,0.25,0,0,0,0,0,0,0,0,0,0,0,0,0,0,0,0,0,0,0,0,0,0,0,0,0,0,0,0,0,0,0,0,0,0,0.17,0,0,0,0,0,0,0,0,0,0,0,0,0,0,0,0,0,0,0,0,0,0,0,0.08,0,0,0,0,0,0,0,0,0,0,0,0,0,0,0,0,0,0,0,0,0,0,0.08,0,0,0,0,0,0,0,0,0,0,0,0.08,0,0,0.08,0.08,0,0,0.33,0,0,0,0,0,0,0,0,0,0,0,0,0,0,0,0,0,0,0,0,0.17,0,0.33,0,0,0.17,0,0,0,0,0,0.17,0,0,0,0,0,0,0,0,0,0,0,0.17,0,0,0,0,0.17,0,0,0,0,0,0,0,0,0,0,0,0,0,0,0,0,0,0,0,0,0,0,0,0,0,0,0.17,0,0,0,0,0,0,0,0,0,0,0,0,0,0,0,0,0,0,0,0,0,0.17,0.25,0,0,0,0,0,0,0,0,0,0.42,0,0,0,0,0,0,0,0,0.08,0,0,0,0,0,0,0.25,0,0,0,0,0.08,0,0,0,0,0,0,0,0,0,0,0,0,0,0,0,0.25,0,0,0,0,0,0,0,0,0,0,0,0,0,0,0,0,0,0,0,0.08,0,0,0,0.08,0,0,0,0,0,0,0,0,0,0,0
STM,Azf1,Hap5,Anti,0,0,0,0,0,0,0,0,-0.08,0,0,0,0,0,-0.08,0,0,-0.08,0,-0.08,0,0,-0.08,0,0,0,0,0,0,0,0,0,0,0,0,0,0,0,0,0,-0.08,0,0,0,0,0,0,0,0,0,0,0,0,0,-0.08,0,-0.17,-0.17,0,0,0,0,0,0,0,0,0,0,0,0,-0.17,0,0,0,-0.25,0,0,0,-0.08,0,-0.17,0,0,0,-0.42,0,0,0,0,0,0,0,0,0,0,0,0,0,0,-0.17,-0.17,0,-0.17,-0.17,0,0,0,0,0,0,0,0,0,0,0,0,-0.25,0,-0.17,0,0,0,0,-0.17,0,0,-0.08,0,0,0,0,0,0,0,0,-0.17,0,0,0,0,0,0,0,0,0,0,-0.08,0,0,-0.08,0,0,0,0,0,0,-0.08,-0.33,-0.17,0,0,0,0,0,0,0,0,0,0,0,0,0,-0.08,-0.08,-0.17,0,0,0,-0.25,0,0,0,0,0,0,-0.17,0,0,0,0,0,-0.17,0,0,0,0,0,0,0,0,0,0,0,0,0,0,0,0,0,0,0,-0.17,0,-0.08,-0.08,0,0,0,0,0,-0.08,0,0,0,0,0,0,0,0,0,0,0,0,0,0,0,-0.17,-0.25,0,0,0,0,-0.17,0,0,0,0,0,0,-0.17,0,0,0,0,-0.17,0,0,0,0,0,0,0,0,0,0,-0.08,0,-0.17,0,0,0,0,0,0,0,-0.08,0,0,0,0,0,0,0,0,0,0,0,0,0,0,0,0,0,0,0,0,0,-0.08,0,0,-0.08,-0.17,0,0,0,0,0,0,0,0,0,0,0,0,0,0,0,0,0,-0.25,0,0,0,0,-0.17,0,0,0,-0.17,0,0,0,0,0,-0.25,0,0,0,0,0,0,0,0,0,0,0,0,0,0,0,0,0,0,0,0,0,0,0,0,0,0,0,0,0,0,0,0,0,0,0,0,0,0,0,-0.08,0,0,0,0,0,0,0,-0.17,0,0,0,0,0,0,0,0,0,0,0,0,0,0,0,0,0,0,0,-0.08,0,0,0,0,0,0,0,0,0,0,0,0,0,0,0,0,0,-0.25,0,0,0,0,0,0,0,0,0,0,0,0,-0.17,0,0,0,0,0,0,0,0,0,0,0,0,0,0,-0.08,0,0,0,0,0,0,0,0,0,0,0,0,0,0,0,0,0,0,0,0,0,0,0,0,0,0,0,-0.17,0,0,0,0,0,0,0,0,0,0,0,0,0,0,0,-0.17,-0.17,0,-0.08,0,-0.17,0,0,0,-0.08,0,0,0,0,0,0,0,0,0,0,0,0,0,0,0,0,0,0,0,0,0,0,0,0,0,0,-0.08,0,0,0,0,0,0,-0.17,0,-0.17,0,0,0,0,0,0,0,0,0,0,0,0,0,0,0,0,0,0,0,0,0,0,0,0,0,0,-0.25,0,0,0,0,-0.33,0,-0.08,0,0,-0.17,0,0,0,0,-0.17,-0.08,0,0,-0.17,-0.17,0,0,0,0,0,0,0,0,0,0,0,0,0,0,0,0,0,0,0,0,0,0,0,0,0,0,0,0,-0.08,0,0,0,0,-0.25,0,0,0,0,0,0,0,0,0,0,0,0,0,0,0,0,0,0,-0.08,0,0,0,0,0,0,0,0,0,0,0,0,0,0,0,0,0,0,0,0,0,0,0,0,-0.17,0,0,0,-0.08,0,0,-0.25,0,0,0,0,0,-0.17,0,-0.25,0,0,0,0,0,0,0,0,-0.08,0,0,0,0,0,0,0,0,0,0,0,0,0,-0.08,0,0,-0.08,0,0,0,0,0,-0.08,-0.08,0,0,0,-0.17,0,0,0,0,0,0,-0.08,0,0,0,0,0,-0.08,0,0,0,-0.17,0,0,0,0,0,0,0,0,0,0,0,0,0,-0.17,0,0,0,0,0,0,0,0,0,0,0,-0.08,0,0,0,0,0,0,0,0,0,0,0,0,0,0,0,0,0,0,0,0,-0.17,0,0,0,0,0,0,0,0,0,0,0,0,0,0,0,0,0,0,0,0,0,0,0,-0.08,0,0,0,0,0,-0.08,0,0,0,0,0,0,0,0,0,0,-0.25,-0.08,0,0,0,0,0,0,0,-0.08,-0.17,0,0,0,-0.17,0,0,0,0,0,0,0,0,0,0,0,-0.08,0,0,0,0,0,0,-0.17,0,0,0,-0.08,0,-0.17,0,0,0,0,0,0,0,0,0,-0.08,0,0,0,0,0,0,0,0,-0.17,0,0,0,0,0,0,0,0,0,0,0,0,-0.33,0,0,0,0,0,0,0,0,0,-0.17,-0.25,-0.25,0,0,0,0,0,0,0,0,0,0,0,0,0,0,0,0,0,0,0,0,0,0,0,0,0,0,0,0,0,0,0,0,0,0,0,0,0,0,-0.08,-0.25,0,0,0,0,-0.17,0,-0.17,0,0,-0.17,0,0,-0.17,0,0,0,0,0,0,0,0,0,0,0,0,0,0,-0.25,0,0,0,0,0,0,0,0,0,0,0,0,0,0,-0.17,0,0,0,0,0,0,0,0,0,-0.08,0,0,0,0
STM,Bas1,Hap5,Sense,0,0.07,0,0.07,0.07,0,0,0,0,0,0.07,0,0,0,0,0,0,0,0,0,0,0,0,0,0.07,0,0,0,0,0,0,0,0,0.07,0,0,0.07,0,0,0,0,0,0,0.07,0,0,0,0,0,0,0,0,0,0,0,0,0.07,0,0.07,0,0,0,0,0,0,0,0,0,0,0,0,0,0,0,0,0,0,0,0,0,0,0,0,0,0,0,0.07,0.07,0,0,0,0,0,0,0,0.21,0,0,0.07,0,0,0,0.07,0.07,0,0,0,0,0,0,0,0,0,0.07,0.07,0,0.07,0,0.07,0,0,0,0,0,0,0,0.07,0,0,0,0,0.14,0,0,0,0,0,0,0.14,0.07,0,0,0,0,0,0,0,0,0,0,0,0.14,0,0,0,0,0,0,0,0,0,0,0,0.07,0.07,0,0,0,0,0.07,0,0,0,0,0,0,0.07,0.07,0.07,0,0,0,0,0,0,0,0,0,0,0,0,0,0,0,0,0,0,0,0,0,0,0.07,0,0,0,0,0.07,0,0,0.14,0.14,0,0.14,0,0,0,0,0,0,0.07,0,0,0,0,0,0,0,0,0,0,0,0,0,0,0,0,0,0.07,0,0,0,0,0.07,0,0,0,0,0,0,0,0,0,0,0,0.07,0.14,0,0.07,0,0.07,0,0,0,0,0,0,0,0,0.14,0,0,0,0,0,0.07,0,0,0,0,0,0,0.14,0,0,0,0.07,0,0.07,0,0,0,0.14,0,0.07,0,0,0,0,0.07,0,0,0.07,0,0,0,0,0,0,0,0,0,0,0,0,0,0,0,0,0.07,0,0,0,0,0.07,0,0,0,0,0,0,0,0,0,0,0,0,0,0,0,0,0,0.07,0.07,0,0,0,0,0,0,0,0,0,0,0,0.07,0,0,0,0,0,0,0,0,0,0.07,0,0,0,0,0,0.21,0,0,0,0,0,0,0,0,0.07,0,0,0.07,0,0.07,0,0,0,0,0,0,0,0,0,0,0,0.14,0.07,0,0,0,0,0,0,0,0,0.07,0,0,0,0,0,0,0,0.07,0.07,0,0,0,0,0,0,0,0,0,0,0,0.07,0,0,0,0.14,0,0,0,0,0,0.07,0.07,0,0,0.14,0,0,0,0,0,0,0,0,0,0,0,0,0,0,0,0,0,0,0,0,0,0,0,0,0.07,0,0,0,0,0,0,0,0,0,0,0,0,0,0,0,0,0.07,0,0,0,0.07,0,0,0,0,0,0,0,0.07,0,0,0,0,0,0,0.07,0,0,0,0,0,0,0,0,0,0,0,0,0,0,0,0,0,0,0.07,0,0,0.14,0,0,0,0,0,0.07,0,0,0.07,0.14,0,0,0,0,0.07,0,0.07,0,0.07,0,0,0,0,0.07,0,0,0,0,0,0.14,0,0,0.07,0.07,0,0,0,0,0,0,0,0,0,0,0,0,0,0,0.07,0.07,0,0,0,0,0.07,0,0,0,0,0,0,0,0,0,0,0,0,0,0,0,0,0,0,0,0,0,0,0.07,0,0,0,0,0,0,0,0,0.14,0,0.07,0.14,0,0,0,0,0,0,0,0.07,0,0,0,0,0,0,0,0,0,0.07,0,0,0,0,0,0,0,0,0,0,0.07,0,0,0,0,0.07,0,0,0,0.21,0,0,0,0,0.07,0,0.14,0,0,0.07,0,0,0,0,0,0,0,0,0,0,0,0.07,0,0,0,0,0.07,0.07,0.07,0,0.07,0.07,0,0,0,0,0,0,0,0,0,0,0,0,0,0,0.07,0,0,0,0.21,0,0,0,0,0,0,0,0,0,0,0,0,0,0,0,0,0,0,0,0,0.07,0.07,0,0,0,0,0,0.07,0,0,0,0,0,0.07,0,0.07,0,0,0,0,0,0,0,0,0,0,0,0,0,0,0.07,0.14,0,0.07,0.07,0,0,0,0,0,0.07,0,0,0,0,0,0,0,0,0,0.07,0.07,0,0,0,0,0,0,0,0,0,0.07,0,0.29,0,0,0,0,0,0,0.07,0,0,0,0,0.21,0,0,0,0.07,0.07,0,0,0,0,0,0.07,0,0.07,0.21,0.07,0.07,0,0,0,0,0,0,0,0,0,0.14,0,0,0,0,0,0,0,0,0,0,0,0,0.07,0,0,0,0,0,0,0,0,0.07,0.14,0,0.07,0.07,0.07,0.07,0,0,0,0,0,0,0,0,0.07,0,0,0,0,0,0,0,0,0,0,0,0.07,0,0,0,0,0.14,0,0,0,0,0,0.21,0.14,0,0.14,0,0.14,0.14,0,0,0,0,0.36,0,0,0,0,0,0,0.07,0.07,0,0,0,0,0,0,0,0,0,0,0,0,0,0,0,0,0,0.07,0,0,0,0.07,0.14,0.07,0,0,0,0,0.07,0.07,0,0,0,0,0,0,0.07,0,0,0,0.07,0,0,0.21,0,0,0,0,0,0,0,0,0,0,0.14,0,0,0,0,0,0,0,0,0,0,0,0,0,0,0.07,0.14,0.07,0.07,0,0,0,0,0,0,0.07,0,0,0,0.14,0,0,0,0,0,0,0,0.07,0,0,0
STM,Bas1,Hap5,Anti,0,0,0,-0.07,0,0,-0.07,0,0,-0.07,0,0,0,0,0,0,0,0,0,0,0,0,-0.07,0,-0.07,-0.07,-0.07,0,0,0,0,0,0,-0.07,0,0,0,0,0,0,0,0,0,0,-0.07,-0.14,0,0,0,0,-0.21,0,0,0,0,0,0,0,0,0,-0.07,-0.07,0,0,0,0,-0.07,-0.07,0,0,-0.07,0,0,-0.07,0,0,0,0,0,0,0,0,0,0,0,0,0,0,0,0,0,0,0,0,0,0,0,-0.07,0,0,0,-0.07,0,0,0,0,0,0,-0.07,0,0,0,0,0,-0.14,0,-0.07,0,0,-0.07,0,0,0,0,0,0,0,0,0,-0.14,-0.14,0,0,0,0,0,0,-0.07,-0.14,0,0,0,0,-0.07,0,-0.07,-0.07,0,0,0,-0.07,-0.07,0,0,0,0,0,-0.07,0,-0.07,-0.07,0,0,0,0,0,0,0,0,0,0,0,0,0,0,0,0,0,0,-0.07,-0.29,0,-0.14,0,0,-0.07,-0.07,0,-0.07,0,0,-0.07,-0.07,-0.07,0,-0.07,0,0,0,0,-0.07,0,0,0,-0.21,0,0,0,-0.14,-0.07,0,-0.07,-0.21,0,-0.07,0,0,-0.14,0,-0.07,-0.07,0,0,0,0,-0.07,-0.07,0,0,0,0,0,0,0,0,0,0,0,-0.07,0,0,0,0,-0.14,0,0,0,0,0,0,0,-0.07,0,-0.07,0,0,0,-0.14,0,0,0,-0.07,0,0,0,-0.07,0,0,0,0,-0.07,0,0,-0.07,0,-0.07,-0.14,0,0,0,0,-0.07,0,0,-0.14,-0.07,-0.07,0,0,-0.07,-0.14,0,0,0,0,0,0,0,0,0,0,0,0,0,0,-0.07,0,0,0,0,0,0,-0.14,0,0,-0.14,0,0,0,0,-0.07,0,0,0,0,0,0,0,0,0,0,0,0,-0.14,-0.07,-0.07,0,0,0,0,0,0,-0.07,-0.07,0,0,0,0,0,0,0,0,0,0,0,0,0,0,0,0,-0.14,0,0,0,0,-0.14,0,0,0,0,0,0,0,-0.07,0,0,0,0,0,0,-0.07,0,0,0,0,0,0,0,0,-0.07,0,-0.14,0,0,0,0,0,-0.07,0,0,0,0,0,-0.07,0,0,-0.07,0,0,0,0,0,-0.14,0,0,0,0,0,-0.21,0,0,0,0,0,0,-0.07,0,0,0,0,0,0,0,0,0,0,0,0,0,-0.07,0,-0.07,-0.07,-0.07,0,0,0,0,0,0,-0.07,0,0,0,0,0,0,0,0,0,0,0,0,0,0,0,0,0,0,0,0,0,0,0,0,0,0,0,0,0,0,0,0,0,0,0,-0.07,0,0,0,0,0,0,-0.07,-0.07,0,0,0,0,0,0,0,-0.07,0,-0.07,-0.07,0,0,-0.07,0,0,0,0,0,-0.07,0,0,0,0,0,0,0,0,0,-0.07,0,0,-0.14,0,0,0,0,0,0,0,-0.07,0,0,0,-0.07,0,0,0,0,0,0,-0.14,0,-0.29,0,0,0,0,0,0,0,0,0,0,0,0,0,0,0,0,0,0,0,-0.07,-0.07,0,0,0,-0.07,0,0,0,0,0,0,0,0,0,0,-0.07,0,-0.07,0,0,-0.14,0,0,0,-0.07,0,0,-0.14,0,-0.07,0,0,0,0,0,0,0,0,0,0,0,0,0,0,0,0,0,0,0,0,0,0,0,0,0,0,0,0,-0.07,0,0,-0.07,0,0,0,0,0,0,0,-0.14,0,0,0,0,0,0,0,0,0,-0.07,0,-0.07,0,0,-0.07,0,0,0,0,-0.14,-0.14,0,0,-0.07,0,0,0,0,0,-0.07,0,-0.07,0,-0.07,0,0,0,0,-0.07,0,-0.07,0,0,0,0,0,0,0,0,0,0,0,0,0,0,0,0,-0.07,0,-0.07,0,0,0,0,0,0,0,-0.07,0,0,0,0,0,0,0,0,-0.07,0,0,-0.07,0,0,0,0,0,0,0,0,0,-0.14,0,0,0,-0.07,0,-0.07,-0.07,0,-0.07,0,0,-0.07,0,0,0,-0.14,-0.14,0,0,0,0,0,0,0,0,0,0,-0.14,0,0,0,-0.07,0,0,0,0,0,0,0,0,-0.14,0,0,0,-0.07,-0.14,-0.07,-0.07,0,0,0,0,0,0,0,0,0,0,0,-0.07,0,0,-0.07,0,0,0,0,-0.07,0,0,0,0,-0.14,0,0,0,0,0,0,0,0,0,0,0,0,0,0,0,-0.07,0,0,-0.21,0,0,0,0,0,-0.14,0,0,0,0,0,0,0,-0.07,0,0,0,0,-0.07,0,0,-0.07,0,0,0,0,0,0,0,0,-0.07,0,-0.14,0,-0.21,0,-0.14,0,0,0,0,0,0,0,0,0,0,0,-0.07,0,0,0,-0.07,0,0,0,0,0,0,-0.07,0,0,0,0,0,0,0,0,0,0,0,0,0,0,0,0,-0.07,-0.07,0,0,-0.07,0,0,0,-0.07,0,0,-0.07,0,0,-0.07,-0.07,0,0,0,0,0,0,0,0,0,0,-0.07,0,0,0,0,0,0,0,0,0,0,-0.14,0,-0.14,0,0,0,0,0,0,-0.14,0,0,-0.07,0,0,0,0,0,0,0,0,0,0,0,-0.07,0,0,0,0,0,0,0,0,0,0,0,0,-0.07,0,0,0,0,-0.07,-0.14,0,-0.07,0,-0.07,0,0,0,0,0,0,0,0,0,0,0,0,0,0,0,0,0,-0.07
STM,Cad1,Hap5,Sense,0,0,0.04,0,0,0,0,0,0.04,0.08,0,0.04,0,0,0,0,0.08,0.04,0,0,0,0,0,0.04,0.08,0,0.04,0,0,0,0.08,0,0.04,0.04,0,0.08,0,0.08,0,0.08,0,0,0,0.08,0,0,0.04,0,0.04,0.04,0,0,0,0,0,0,0.04,0,0,0,0,0,0.08,0,0,0,0,0,0,0.04,0,0.04,0,0.08,0.04,0,0,0,0.04,0,0,0.04,0,0,0,0,0.04,0,0.04,0,0,0.04,0,0,0.04,0.04,0,0.04,0,0.04,0.04,0.08,0,0.08,0,0,0.04,0,0.15,0,0.04,0,0.08,0.08,0,0.04,0.15,0,0.08,0.12,0.04,0,0,0,0,0,0,0,0,0.04,0.04,0,0.08,0.08,0.08,0,0,0,0,0.15,0.04,0,0.04,0.04,0.04,0.04,0,0.04,0,0.08,0.12,0,0.08,0,0,0.04,0.04,0,0,0,0.04,0,0,0,0,0.04,0,0,0.08,0.08,0,0.12,0.08,0.08,0.08,0.12,0,0.19,0.04,0,0.04,0,0,0,0.04,0.04,0.04,0.08,0.04,0.04,0.04,0.04,0.08,0.08,0,0.12,0.08,0.08,0.08,0.08,0.04,0.12,0,0.15,0,0.04,0.04,0.15,0,0.08,0.08,0.08,0.12,0.15,0.15,0.15,0.04,0.12,0,0.19,0.08,0,0.12,0.15,0,0.23,0.04,0.12,0.15,0.04,0.04,0.04,0.04,0.04,0.08,0.08,0,0.04,0,0.04,0,0.04,0.04,0.12,0.04,0.04,0.08,0,0.04,0,0,0.04,0.12,0,0.04,0.12,0,0.08,0.08,0.15,0.15,0.23,0.23,0.12,0.04,0.08,0.15,0.04,0,0,0.04,0.04,0.04,0,0.04,0,0,0,0.08,0,0,0.08,0,0,0,0,0,0,0,0,0,0.04,0.08,0.15,0.08,0,0.04,0,0.12,0.04,0,0,0,0.04,0,0,0,0,0.04,0,0,0.04,0,0,0.04,0.04,0,0,0,0,0,0,0,0,0,0,0,0.04,0,0,0,0,0,0,0,0.04,0.08,0,0,0,0,0,0,0.04,0,0,0,0,0,0.04,0.08,0.04,0,0,0.04,0,0.04,0,0,0.08,0,0,0.08,0,0.08,0.04,0,0,0,0,0,0.08,0.08,0,0,0,0.04,0.08,0,0.04,0.04,0,0,0.04,0,0.08,0,0.04,0.04,0,0,0,0.08,0,0.04,0,0,0.04,0,0,0,0,0,0,0,0,0,0.08,0,0,0.08,0.08,0.04,0.12,0.08,0,0,0,0.04,0,0.04,0,0,0,0,0,0,0.04,0,0,0,0.04,0.04,0,0.04,0,0.12,0.04,0,0,0,0,0,0.04,0,0.12,0,0,0,0,0,0.04,0,0,0,0,0.04,0,0,0,0,0,0.04,0.08,0.12,0,0,0,0.04,0,0.04,0.04,0,0,0.04,0,0,0,0.08,0,0,0,0,0,0,0.04,0,0,0,0,0,0,0,0,0.08,0,0,0,0.08,0,0,0,0.04,0,0.04,0.04,0.04,0,0,0.04,0,0.04,0,0.04,0,0.04,0,0,0.04,0,0,0.04,0,0,0.08,0.04,0.04,0.04,0.04,0.08,0.04,0.08,0.08,0.04,0,0,0,0,0.08,0,0,0.12,0,0,0,0,0.04,0.08,0,0,0.04,0,0.04,0,0.04,0.08,0.04,0,0.04,0.04,0.04,0.04,0,0,0.04,0,0,0.04,0,0.08,0,0,0,0,0.12,0.08,0.04,0,0.08,0.12,0,0,0,0,0,0,0,0,0,0,0.04,0,0,0,0.08,0,0,0.08,0.04,0,0,0,0,0,0,0,0,0,0,0,0,0,0,0,0,0,0,0,0,0,0,0,0.04,0.04,0.08,0,0,0,0,0,0,0,0.04,0,0,0,0.04,0,0,0,0,0,0,0.04,0.04,0,0,0,0,0,0.04,0.04,0,0,0,0,0,0.04,0.04,0,0,0,0.08,0,0,0,0.08,0,0,0.04,0.04,0.08,0,0,0,0,0.08,0.04,0,0,0.04,0.12,0.08,0.08,0,0,0,0,0,0,0,0.04,0,0,0.04,0,0,0,0,0,0,0,0.04,0,0,0.08,0,0,0,0.04,0,0,0,0,0,0.04,0.08,0,0,0,0.04,0,0,0.04,0,0,0,0.04,0,0,0.12,0,0.08,0,0.08,0,0.04,0,0,0,0,0,0.04,0,0.04,0.04,0,0,0,0,0.04,0.12,0,0,0,0,0,0.04,0.04,0,0,0.04,0,0,0.04,0,0.12,0,0,0,0,0,0,0,0,0,0,0,0.04,0,0,0,0.04,0,0,0,0.04,0.08,0,0,0.04,0,0.08,0,0.04,0.04,0.04,0,0.04,0,0,0.08,0.04,0,0.04,0,0,0,0,0,0.04,0,0,0,0.04,0.04,0,0,0,0,0.04,0,0.04,0.08,0.08,0,0.04,0,0,0.04,0,0,0,0,0,0,0,0,0,0.08,0.04,0,0,0,0.04,0,0,0,0.04,0.08,0,0,0,0.08,0,0,0.12,0,0,0.12,0,0.04,0.08,0.04,0,0.04,0,0.08,0.04,0,0,0,0.04,0,0,0,0,0.04,0.08,0.04,0,0.08,0,0.12,0.08,0,0.08,0.04,0,0.12,0.04,0.08,0,0,0.04,0.04,0.08,0,0.04,0,0,0,0.04,0.04,0,0,0.04,0.08,0.04,0,0.08,0.04,0,0,0.08,0,0,0.04,0,0.08,0.08,0,0,0,0,0.04,0,0,0.04,0,0,0,0,0,0,0.04,0,0,0,0,0,0,0,0.04,0,0,0,0.04,0,0,0.04,0,0,0,0.04,0.04,0,0.08,0.08,0.04,0,0,0,0,0.04,0.12,0.04,0,0,0.08,0,0.12,0,0,0,0,0,0,0,0,0,0.04,0,0.04,0,0.04,0.08,0,0,0.04,0.04,0,0.08,0.04,0,0.08,0,0.04,0.04,0
STM,Cad1,Hap5,Anti,0,-0.08,-0.12,0,0,0,-0.04,-0.04,0,0,-0.04,0,0,0,0,0,0,-0.04,0,0,-0.04,0,-0.08,0,-0.04,-0.08,0,0,0,0,0,0,-0.12,0,0,0,0,0,0,-0.04,0,-0.04,-0.04,-0.04,0,0,-0.04,0,0,0,0,-0.04,0,0,0,-0.04,0,0,-0.04,-0.04,0,-0.04,0,0,0,0,0,-0.04,0,0,0,0,0,-0.04,0,-0.04,-0.04,-0.04,0,0,-0.08,0,0,-0.04,0,-0.04,-0.12,0,0,-0.08,-0.04,-0.04,0,0,-0.04,0,-0.04,-0.04,0,-0.04,-0.04,-0.04,0,0,0,-0.04,0,0,0,0,0,0,-0.08,-0.12,0,-0.04,0,-0.04,-0.08,-0.04,0,0,-0.04,0,-0.04,0,-0.04,0,-0.12,-0.04,-0.08,-0.08,0,0,0,0,-0.12,0,-0.04,-0.04,0,0,0,-0.04,0,0,-0.04,-0.04,-0.04,-0.04,0,0,-0.08,0,0,0,-0.08,-0.12,-0.04,0,0,-0.04,0,0,0,0,0,0,0,0,0,-0.04,0,0,0,-0.04,0,-0.04,0,0,-0.04,-0.04,-0.04,0,-0.08,0,0,0,0,0,-0.04,0,0,-0.04,0,0,0,0,-0.12,-0.12,-0.12,-0.04,-0.08,-0.08,0,0,0,-0.08,0,-0.04,0,0,0,-0.04,0,-0.04,0,0,0,0,-0.04,-0.04,0,0,-0.08,0,0,-0.04,0,0,0,-0.08,-0.04,0,-0.04,-0.04,-0.04,-0.12,0,-0.04,0,0,-0.04,0,-0.08,0,-0.04,0,0,-0.04,-0.04,0,-0.04,-0.12,0,0,0,-0.12,0,0,0,-0.04,-0.08,0,0,-0.08,0,-0.04,-0.04,-0.04,-0.15,-0.04,-0.15,-0.08,-0.23,-0.08,-0.08,-0.31,0,0,-0.15,-0.12,-0.12,-0.12,-0.15,-0.23,-0.19,-0.04,-0.12,0,-0.08,0,-0.08,-0.04,-0.08,0,0,-0.08,-0.12,0,-0.04,-0.08,-0.04,-0.12,0,-0.04,-0.27,-0.27,-0.04,-0.08,-0.12,-0.27,-0.08,-0.08,-0.12,-0.08,-0.12,-0.19,0,-0.08,-0.08,0,-0.12,-0.15,-0.08,-0.08,-0.08,0,-0.08,-0.15,-0.19,0,0,-0.04,-0.15,-0.04,-0.12,-0.04,-0.08,-0.04,-0.12,-0.04,-0.04,0,0,-0.15,-0.12,-0.12,0,-0.19,-0.04,-0.04,-0.15,-0.08,-0.04,-0.08,-0.08,0,-0.08,-0.04,-0.04,-0.04,-0.04,-0.04,-0.04,-0.12,0,0,-0.04,0,-0.04,-0.08,-0.04,0,-0.04,0,-0.12,-0.08,-0.08,-0.27,-0.08,-0.04,-0.08,-0.04,0,-0.08,0,-0.12,-0.08,-0.08,0,0,-0.12,-0.04,-0.04,-0.08,-0.04,-0.04,-0.08,-0.08,-0.08,-0.04,-0.04,-0.08,0,-0.08,0,-0.04,-0.12,-0.12,-0.08,-0.08,-0.15,-0.12,0,0,-0.04,0,-0.19,0,-0.04,0,0,-0.04,0,0,0,-0.04,0,0,0,0,-0.04,0,0,0,0,0,0,0,0,0,-0.08,-0.04,-0.12,0,-0.08,0,0,0,0,0,0,-0.08,0,0,0,-0.04,-0.04,-0.04,-0.04,-0.04,0,0,-0.04,-0.04,-0.04,-0.12,0,0,-0.04,-0.04,0,0,-0.08,0,0,-0.04,-0.04,0,0,-0.04,0,0,0,-0.04,0,0,0,0,-0.04,0,-0.04,-0.04,0,-0.04,0,-0.04,0,-0.04,0,0,-0.04,0,-0.08,0,0,-0.04,0,-0.08,0,0,-0.08,0,-0.08,-0.04,0,0,0,0,-0.04,-0.04,0,0,-0.04,-0.08,-0.04,0,0,0,0,0,0,0,-0.04,-0.04,0,-0.15,0,-0.04,0,0,-0.04,0,0,0,-0.04,0,-0.04,0,0,0,0,-0.04,-0.04,0,-0.04,0,0,0,-0.04,-0.12,0,-0.08,0,-0.04,0,0,0,0,0,0,-0.08,0,0,-0.08,0,-0.08,0,0,0,-0.04,-0.04,-0.08,-0.04,-0.12,0,-0.08,0,0,-0.04,0,0,0,0,0,0,0,0,0,0,-0.08,0,0,0,0,-0.04,-0.08,0,0,-0.04,0,0,0,0,-0.04,0,0,0,0,0,-0.08,-0.04,0,0,-0.04,-0.04,-0.12,-0.04,0,0,-0.04,-0.08,0,-0.04,0,-0.04,-0.04,0,-0.04,-0.04,0,0,-0.08,-0.04,-0.04,-0.04,0,0,0,0,0,-0.04,0,0,-0.04,0,0,0,0,-0.04,0,0,0,-0.04,0,0,0,0,-0.04,0,0,0,-0.04,-0.08,0,0,0,0,-0.04,0,0,0,0,-0.04,0,0,0,0,-0.04,-0.08,0,0,0,-0.04,0,0,-0.08,0,0,-0.08,0,0,-0.04,-0.08,0,0,-0.15,0,0,0,0,-0.04,0,0,0,0,0,0,-0.08,0,0,0,0,-0.04,-0.04,-0.04,-0.04,-0.04,0,-0.04,-0.04,-0.04,-0.04,0,-0.08,0,-0.04,0,0,0,0,-0.04,0,-0.04,-0.04,0,0,0,-0.04,0,0,0,0,0,0,0,0,0,0,-0.04,0,0,0,-0.04,0,-0.04,0,0,0,0,-0.04,0,0,0,0,-0.04,0,0,0,0,0,-0.04,0,0,0,-0.12,0,0,0,-0.04,-0.04,-0.04,0,0,0,0,0,0,0,-0.04,-0.04,0,0,0,0,-0.04,0,-0.04,0,-0.08,0,0,-0.08,0,-0.19,-0.08,0,0,0,0,0,0,-0.04,-0.08,0,-0.04,-0.04,0,0,0,-0.04,0,0,-0.08,-0.12,-0.08,0,0,-0.04,0,-0.04,0,0,0,0,0,0,-0.12,-0.08,0,0,0,0,-0.04,0,-0.08,0,0,0,0,-0.12,-0.04,-0.04,-0.04,0,0,0,0,0,0,0,0,-0.04,-0.08,-0.04,0,-0.04,0,0,0,0,0,0,0,0,0,0,0,0,-0.04,-0.04,0,0,-0.04,-0.04,-0.04,-0.04,0,0,-0.12,-0.12,0,-0.08,0,0,0,-0.04,0,-0.04,0,0,-0.08,-0.04,0,-0.08,0,-0.04,0,-0.04,0,-0.04,-0.08,-0.12,0,0,-0.04,0,-0.04,0,0,-0.08,-0.04,-0.08,-0.08,0,0,0,0,0,0,0,0,-0.04,-0.08,-0.04,0,0,0,-0.04,0,-0.08,0,0,0,-0.08,0,-0.04,-0.15,0,0,-0.08,0,0,-0.04,-0.04,-0.04,0,-0.04,0,0,0,0,0,-0.04,-0.04,0,0,0,-0.04,0,0,0,0,-0.04,0,0,0,-0.04,0,-0.08,0,-0.04,-0.04,-0.04,0,0,-0.04,0,0
STM,Cbf1,Hap5,Sense,0.02,0,0.05,0,0.02,0,0,0,0.1,0.05,0,0,0,0,0.02,0,0,0.02,0,0,0,0,0.05,0,0.02,0,0.02,0,0,0,0.02,0,0.02,0,0.07,0.05,0.07,0.02,0,0.02,0,0.05,0.05,0.02,0,0,0,0.02,0,0.07,0,0.05,0.02,0,0,0,0.02,0,0.12,0.02,0.05,0,0.05,0.02,0,0.05,0.05,0,0.02,0.02,0,0.07,0.07,0,0.05,0.02,0,0,0,0.02,0.02,0.02,0.02,0.02,0.05,0.05,0.05,0.02,0,0.05,0.02,0,0,0.07,0.05,0.05,0,0.02,0,0,0.07,0,0,0,0.07,0.05,0,0,0,0.05,0,0,0,0,0.02,0.02,0.05,0.02,0,0,0,0,0,0.02,0,0,0,0,0,0,0.05,0.02,0,0,0,0,0.05,0.05,0,0.07,0,0,0.02,0,0.02,0,0.05,0,0,0.02,0.02,0,0.02,0,0.05,0.07,0.05,0.02,0,0,0.12,0,0,0.02,0.05,0.05,0.02,0,0.02,0,0,0,0,0,0.02,0,0.05,0,0,0.05,0.1,0,0.02,0.02,0.02,0.1,0.02,0.02,0,0,0,0.02,0.1,0,0.02,0,0.02,0,0,0.05,0.02,0,0,0,0.02,0.05,0,0,0.05,0.02,0.02,0,0.02,0,0,0,0,0,0,0,0,0.02,0.07,0,0,0,0,0,0.02,0.02,0.05,0.12,0,0.02,0.02,0.07,0.05,0,0,0,0.02,0,0,0.05,0.05,0,0.02,0.02,0.02,0.05,0.02,0,0,0.05,0,0.02,0,0,0.02,0,0,0,0.02,0,0,0,0,0,0.05,0.07,0.05,0,0,0.02,0.07,0.07,0.02,0.02,0,0,0.02,0.05,0,0.1,0.05,0,0,0.05,0,0,0,0.02,0.02,0.07,0.07,0,0,0.1,0.02,0.05,0,0.05,0,0.07,0.07,0,0,0.05,0.05,0.05,0.05,0.12,0.1,0,0.02,0,0,0.05,0.07,0,0,0.02,0.07,0.05,0.02,0.1,0.07,0.07,0.1,0.02,0.02,0.1,0.07,0.02,0.05,0.1,0.02,0.02,0.1,0.12,0,0.07,0.02,0.02,0,0.02,0.02,0,0,0.07,0,0.05,0.02,0.02,0,0.05,0.02,0.14,0.05,0,0.07,0,0.14,0,0.05,0.05,0.17,0.02,0,0,0.05,0.07,0.05,0.05,0.07,0.05,0,0.1,0.02,0.02,0.02,0.02,0.02,0.05,0.07,0.02,0.1,0,0.07,0,0.05,0.14,0.1,0.05,0.02,0.07,0.12,0.05,0.19,0.05,0.12,0.05,0.14,0.17,0.12,0.02,0.02,0.05,0.02,0.02,0.05,0,0,0.02,0.02,0.1,0.02,0.07,0.07,0.12,0,0.05,0.12,0.12,0,0.1,0.02,0.02,0,0.02,0.07,0,0.07,0.07,0.1,0.07,0.07,0.1,0.14,0.1,0.1,0.1,0.12,0.02,0,0.1,0.12,0.05,0.14,0.07,0.07,0.19,0.05,0.1,0,0.02,0.05,0.1,0.05,0.05,0.07,0,0.07,0,0.02,0.02,0.14,0.02,0.02,0.02,0.05,0.02,0,0.05,0.07,0.12,0.14,0.14,0.02,0.07,0.07,0.05,0.07,0.17,0.14,0.17,0.07,0.07,0.1,0.14,0.07,0.12,0.07,0,0.07,0.1,0.05,0.05,0.05,0.17,0.02,0.07,0.02,0.02,0.07,0,0.02,0.07,0,0.12,0.05,0.02,0,0.02,0.1,0.07,0.07,0.07,0.07,0.02,0,0.12,0.05,0.05,0.1,0.07,0.05,0.19,0.07,0.05,0.12,0.07,0,0.07,0.1,0.05,0.05,0.1,0.02,0.02,0.05,0.05,0.05,0,0,0.02,0,0.05,0,0.05,0.07,0.05,0.1,0.07,0.02,0.12,0.07,0.12,0.07,0.05,0.02,0,0.07,0.14,0,0.12,0.14,0.1,0.02,0.1,0.05,0,0.21,0.05,0.07,0.05,0.05,0.14,0.02,0.1,0.05,0.1,0.1,0.05,0.12,0.12,0.05,0.19,0.07,0.1,0.02,0.02,0,0,0.17,0.05,0,0.07,0.05,0.02,0.1,0.05,0,0.02,0,0.05,0.05,0.05,0.05,0,0.07,0.05,0.05,0.07,0.02,0.07,0.05,0.02,0.05,0.12,0.12,0.17,0,0.02,0.12,0.1,0,0.1,0,0.02,0.02,0,0,0.02,0.02,0.1,0.12,0.02,0.02,0.07,0.05,0.02,0.02,0.02,0.05,0.02,0,0.02,0.05,0,0,0,0,0,0,0.02,0.12,0.02,0,0,0,0.07,0.05,0,0.02,0.02,0.02,0,0.02,0,0,0,0,0,0.1,0.07,0,0,0.05,0.02,0,0,0.07,0,0.02,0.05,0,0,0,0.05,0.07,0.05,0.02,0.02,0,0.02,0.05,0,0,0,0.02,0.05,0,0.02,0.05,0,0.05,0,0,0,0.02,0,0.02,0.02,0,0.02,0.02,0,0,0,0,0.02,0.02,0,0,0.05,0,0.02,0,0,0,0.02,0,0.02,0,0.05,0,0,0.02,0.02,0.05,0.05,0,0,0.05,0,0.05,0,0,0,0,0.05,0.05,0.05,0,0.05,0.02,0.02,0,0.02,0,0,0,0,0,0,0.07,0,0,0.02,0,0.02,0.05,0.05,0,0,0,0.02,0.02,0.12,0,0.1,0.02,0.02,0.12,0,0,0,0.02,0.02,0.02,0,0.07,0,0.02,0.02,0,0.05,0,0,0.05,0.05,0,0,0,0,0,0,0.1,0.02,0.02,0,0,0,0,0,0.05,0,0.02,0.07,0.05,0,0,0,0,0,0.02,0.07,0.02,0,0.02,0.05,0,0,0.02,0.05,0.02,0.02,0,0.02,0,0.02,0,0,0.02,0.02,0.02,0,0,0,0,0,0,0,0,0.02,0,0,0,0.02,0.05,0.07,0.05,0.1,0.02,0.02,0.02,0,0.02,0,0,0.02,0.14,0.05,0,0,0,0.02,0.05,0.05,0.05,0.05,0,0.1,0.05,0.05,0.05,0,0.05,0.07,0.02,0.05,0,0,0.05,0.05,0,0.07,0.05,0.05,0,0,0,0,0.1,0.02,0.02,0,0,0.02,0.05,0.02,0,0,0.05,0,0,0.02,0,0.05,0,0.05,0,0,0,0.02,0,0.05,0.02,0,0,0,0,0,0.05,0.02,0,0,0.05,0,0,0.02,0,0.02,0.02,0,0,0.02,0,0,0.02,0,0,0.02,0,0.02,0.05,0,0,0,0.02,0.02,0,0.07,0.02,0,0.1,0.02,0,0.02,0,0,0,0.02,0,0.02,0,0.02,0,0,0,0,0,0.05,0,0,0,0.07,0,0.05,0,0.05,0,0,0,0,0,0,0,0.05
STM,Cbf1,Hap5,Anti,0,-0.02,-0.07,-0.02,0,0,0,0,-0.02,-0.07,0,0,0,0,0,-0.1,-0.02,-0.05,-0.05,0,-0.05,-0.05,-0.02,-0.05,-0.05,-0.02,-0.02,-0.05,-0.02,-0.1,-0.02,0,-0.02,0,-0.02,0,-0.02,0,-0.02,-0.07,0,-0.05,-0.02,0,-0.02,0,-0.02,0,0,0,0,0,-0.1,0,-0.05,-0.02,-0.02,-0.05,0,0,-0.02,0,0,0,0,-0.07,0,0,-0.02,0,0,0,0,0,-0.02,0,0,0,0,-0.02,0,0,0,0,0,0,-0.05,-0.07,0,0,0,0,0,-0.1,0,-0.02,0,-0.07,0,-0.05,0,-0.02,0,-0.02,0,0,0,-0.02,-0.05,-0.07,-0.05,-0.02,0,0,0,-0.02,-0.02,0,0,0,0,-0.05,0,-0.05,-0.05,-0.07,-0.1,-0.05,-0.05,0,-0.05,0,0,-0.02,0,-0.07,0,0,0,0,0,0,0,0,0,0,0,0,0,0,0,-0.05,0,-0.07,-0.02,0,-0.02,-0.05,-0.02,0,-0.05,0,-0.02,-0.05,-0.02,-0.05,0,0,0,-0.02,0,0,-0.02,-0.17,0,-0.02,-0.02,-0.05,0,0,-0.05,-0.12,-0.02,-0.02,0,0,0,0,-0.02,0,0,-0.05,-0.05,-0.02,0,-0.02,0,-0.02,-0.05,0,-0.02,-0.05,0,0,0,0,-0.02,-0.02,0,0,-0.07,-0.05,-0.02,0,0,0,-0.02,0,-0.12,0,-0.02,0,0,-0.05,-0.12,0,-0.05,-0.05,0,-0.02,-0.05,0,0,0,-0.02,-0.05,-0.05,-0.05,-0.05,-0.02,-0.02,-0.02,-0.02,-0.05,-0.07,0,0,-0.05,-0.07,0,-0.02,0,0,-0.07,0,-0.05,0,0,-0.1,-0.02,0,-0.02,-0.02,-0.02,-0.02,-0.05,-0.05,-0.02,0,0,0,-0.02,0,-0.02,0,0,0,0,0,-0.02,0,0,0,0,-0.1,0,-0.05,0,0,-0.02,-0.05,0,-0.05,0,-0.02,0,-0.1,0,0,-0.05,-0.02,0,0,0,-0.02,-0.05,-0.02,0,0,-0.05,-0.05,0,-0.02,-0.02,0,0,0,0,0,0,-0.02,0,0,-0.02,-0.02,0,0,0,-0.02,-0.02,-0.02,0,-0.02,0,-0.02,-0.07,0,-0.02,0,-0.07,-0.07,0,-0.02,0,-0.02,0,-0.02,0,-0.07,-0.07,-0.05,0,-0.05,-0.05,-0.02,-0.02,0,-0.02,-0.02,0,0,0,0,-0.02,-0.05,0,-0.02,-0.05,-0.05,0,-0.02,-0.02,-0.05,0,0,0,-0.02,0,-0.1,0,0,-0.12,0,-0.02,0,-0.05,-0.05,0,0,0,0,-0.02,0,0,-0.02,-0.05,0,-0.02,-0.02,0,-0.02,-0.02,-0.05,0,-0.02,0,0,0,-0.05,0,-0.02,0,0,-0.05,-0.05,-0.05,0,0,-0.05,0,-0.05,-0.02,0,-0.02,0,0,0,-0.05,-0.12,-0.05,-0.02,0,-0.07,0,0,0,0,0,-0.02,-0.05,-0.05,-0.02,-0.05,-0.05,-0.12,-0.02,-0.02,-0.07,-0.02,0,-0.05,0,0,-0.05,-0.05,0,0,-0.02,-0.07,-0.05,-0.05,0,-0.02,-0.05,-0.12,0,-0.02,0,-0.05,0,-0.02,-0.05,-0.05,-0.02,0,-0.02,-0.02,0,0,-0.07,-0.02,-0.1,-0.05,-0.1,0,-0.02,0,0,-0.02,0,0,-0.02,-0.05,-0.1,-0.02,-0.1,-0.1,-0.1,-0.05,-0.1,-0.14,-0.1,0,-0.07,-0.07,-0.12,-0.07,-0.1,-0.19,-0.14,-0.1,-0.07,-0.05,-0.12,0,-0.02,-0.05,-0.07,0,0,-0.1,-0.07,0,-0.02,-0.07,-0.02,-0.07,-0.02,-0.02,-0.17,-0.17,0,0,-0.12,-0.17,-0.02,-0.02,-0.14,-0.05,-0.1,-0.12,0,-0.05,-0.07,-0.07,-0.12,-0.12,-0.07,-0.02,-0.05,-0.05,-0.05,0,-0.02,-0.02,-0.02,-0.02,-0.05,-0.02,-0.07,-0.07,-0.05,-0.02,-0.07,-0.05,-0.05,-0.05,-0.05,-0.07,-0.07,-0.05,-0.02,-0.17,-0.02,-0.02,-0.12,-0.1,-0.05,-0.1,-0.07,-0.05,-0.05,0,-0.05,-0.02,-0.07,-0.05,0,-0.07,0,-0.02,-0.05,0,-0.02,-0.07,-0.05,0,-0.07,0,-0.1,-0.1,-0.14,-0.24,-0.02,-0.02,-0.14,0,-0.05,-0.07,-0.02,-0.05,0,0,-0.05,-0.07,-0.1,-0.05,-0.02,-0.07,0,-0.05,-0.05,-0.02,-0.02,-0.21,-0.02,-0.07,0,-0.12,-0.05,-0.07,-0.07,-0.14,-0.1,-0.1,-0.21,-0.05,-0.12,-0.07,-0.02,-0.05,-0.1,-0.02,-0.07,-0.14,-0.02,-0.19,-0.07,-0.19,-0.17,-0.05,-0.02,-0.1,-0.02,-0.02,-0.07,-0.14,-0.05,-0.05,-0.02,-0.02,-0.02,0,-0.1,-0.02,-0.12,-0.12,-0.02,-0.05,-0.05,-0.05,0,-0.1,0,-0.05,-0.1,-0.07,-0.02,-0.05,-0.02,-0.05,-0.02,-0.07,-0.05,-0.07,-0.02,-0.05,-0.1,-0.02,-0.02,-0.12,-0.05,-0.12,-0.05,-0.07,0,-0.02,-0.02,0,-0.07,-0.07,-0.05,-0.02,-0.05,-0.02,-0.17,0,0,-0.05,-0.07,-0.07,-0.02,0,-0.12,-0.07,-0.05,0,-0.02,0,-0.02,-0.02,-0.1,-0.05,-0.02,-0.07,-0.1,-0.02,0,-0.1,-0.05,-0.05,-0.02,0,-0.02,0,-0.12,-0.02,0,-0.02,-0.05,-0.05,-0.07,-0.05,-0.02,-0.12,-0.05,-0.02,-0.1,-0.05,-0.05,0,0,-0.05,0,-0.02,-0.05,-0.02,-0.02,-0.12,-0.05,-0.05,-0.07,-0.1,0,-0.07,-0.02,0,0,-0.1,-0.02,-0.05,-0.05,-0.17,-0.05,0,0,0,0,-0.02,0,-0.02,0,-0.02,0,-0.05,-0.07,-0.02,-0.05,-0.05,0,-0.02,0,-0.02,-0.1,0,-0.02,-0.07,-0.05,-0.02,-0.1,-0.02,-0.1,-0.02,-0.05,-0.02,0,-0.05,-0.02,-0.1,-0.07,-0.02,0,-0.02,-0.02,-0.02,-0.05,-0.05,-0.07,0,-0.07,0,-0.02,-0.02,-0.02,0,0,-0.05,0,0,-0.07,0,-0.05,0,-0.05,0,0,0,-0.02,0,-0.02,0,0,0,0,-0.05,0,0,0,-0.02,-0.02,0,0,0,-0.07,-0.02,-0.07,-0.05,-0.02,-0.05,0,0,-0.05,-0.05,0,-0.05,-0.02,0,0,-0.02,-0.07,0,0,0,0,0,-0.02,0,-0.02,0,-0.02,0,0,-0.02,-0.02,0,-0.02,-0.02,-0.02,-0.02,0,-0.05,-0.05,0,-0.02,-0.05,-0.05,0,0,0,0,-0.07,0,-0.05,-0.02,-0.02,0,0,-0.02,-0.07,0,-0.05,0,-0.05,-0.02,-0.05,0,0,0,0,0,-0.02,-0.02,-0.02,0,0,0,0,-0.02,0,-0.05,-0.02,-0.02,-0.05,0,0,-0.02,0,-0.02,-0.02,0,0,0,-0.02,-0.02,-0.05,-0.1,0,0,-0.05,0,-0.02,-0.1,0,-0.07,-0.05,-0.02,0,-0.02,0,0,-0.02,0,-0.05,0,0,-0.05,-0.05,-0.02,-0.05,-0.07,0,0,-0.05,0,0,-0.07,0,-0.1,0,-0.02,-0.02,0,0,-0.02,-0.02,-0.02,-0.02,0,0,0,-0.02,-0.05,0,-0.02,0,0,-0.05,0,0,-0.07
STM,Cha4,Hap5,Sense,0,0.17,0.17,0.17,0,0,0,0,0,0,0,0,0,0,0,0,0,0,0,0,0,0,0,0,0,0,0,0,0,0,0,0,0,0,0,0,0,0,0,0,0,0,0,0,0,0,0,0,0,0,0.17,0,0,0,0,0,0,0,0,0,0,0.17,0,0,0,0,0,0.33,0,0,0,0,0,0,0,0.17,0,0,0,0.17,0,0,0,0,0,0,0.17,0,0,0,0,0,0,0,0,0,0,0,0,0,0,0,0,0,0,0,0,0,0,0.17,0,0.17,0,0,0.17,0.5,0,0,0,0,0,0,0,0.17,0,0,0,0,0.17,0,0,0,0,0,0,0,0,0,0,0,0,0,0,0,0,0,0,0,0,0.17,0,0,0,0,0,0,0,0,0,0,0,0.33,0,0,0,0,0,0,0,0,0.17,0.17,0,0,0,0.33,0,0,0,0,0,0,0,0,0,0,0,0,0,0.17,0.33,0,0,0,0,0,0,0,0,0.33,0,0,0,0,0,0,0.33,0,0,0,0,0,0.33,0,0,0,0,0,0,0,0,0,0.17,0,0,0.17,0,0,0.17,0,0,0,0,0,0,0,0,0,0,0,0,0,0,0,0,0,0,0,0,0,0,0,0,0,0,0,0,0,0,0.17,0,0.17,0,0,0,0,0,0,0,0,0,0,0,0,0,0,0,0.17,0,0,0,0,0,0,0,0,0,0,0,0,0,0,0,0.17,0,0,0,0,0,0,0,0,0.17,0,0,0,0,0,0,0,0,0,0,0,0,0,0,0,0,0,0,0,0,0,0,0,0,0,0,0,0,0,0,0,0.17,0,0,0,0,0,0.17,0,0,0,0,0.17,0,0,0,0.17,0,0,0,0.17,0,0,0,0,0,0,0,0,0,0,0,0,0,0,0,0,0,0,0,0.17,0,0,0,0,0,0,0,0,0,0,0,0,0,0,0,0,0,0,0,0,0,0,0,0,0,0,0,0.17,0,0,0,0,0,0,0,0,0,0,0,0,0,0,0,0,0,0,0,0,0,0,0,0,0,0,0,0.17,0,0,0,0.17,0,0,0,0,0,0,0,0,0,0,0,0.17,0,0,0,0,0,0,0,0,0,0,0,0,0,0,0,0,0,0,0,0,0,0,0,0,0,0,0,0,0,0,0,0,0,0,0,0.33,0,0,0,0,0,0,0,0,0,0,0,0,0,0,0,0,0,0.17,0,0,0,0,0,0.17,0,0,0,0,0,0,0,0,0,0,0,0,0,0,0,0,0,0,0,0,0,0,0,0,0,0,0,0,0,0,0,0,0,0,0,0,0,0,0,0,0,0,0,0,0,0,0,0,0,0,0,0,0,0,0,0,0,0,0,0,0,0,0,0,0,0,0,0,0,0.17,0,0,0,0,0,0,0,0,0,0,0,0,0,0,0,0.33,0,0.33,0,0,0,0,0,0,0,0,0,0,0,0,0,0,0.33,0,0,0,0,0,0,0,0.17,0,0,0,0,0,0,0,0,0,0,0,0,0,0,0,0,0,0,0,0,0,0,0,0,0,0,0,0,0.17,0,0,0,0,0,0,0,0,0,0,0,0,0.17,0,0,0.17,0,0,0,0,0.17,0,0,0,0.33,0,0,0,0,0,0,0,0,0,0,0,0,0.17,0,0,0,0,0,0,0,0,0,0,0,0,0,0,0,0,0,0,0,0,0,0.17,0,0,0,0,0,0,0,0,0,0,0,0.33,0.17,0,0,0,0,0,0.17,0,0,0.17,0,0,0,0,0,0,0,0,0,0,0,0,0,0,0,0,0,0,0,0,0,0,0,0,0,0,0,0,0,0,0,0,0,0,0,0,0,0,0,0.17,0,0,0,0,0,0,0,0,0,0,0,0,0,0,0,0,0,0,0,0,0,0,0,0,0.17,0,0,0,0,0,0,0,0.33,0,0,0,0,0,0,0,0,0,0.17,0,0,0,0,0,0,0,0,0,0,0,0,0,0.17,0,0,0,0,0,0,0.17,0,0,0,0,0,0,0,0,0,0,0,0,0,0,0,0,0,0,0,0.17,0,0,0,0,0,0,0,0,0,0,0,0,0,0,0.17,0,0,0,0,0,0,0,0,0.17,0,0,0,0,0,0,0,0,0,0,0,0,0,0,0,0,0.17,0,0,0,0,0,0,0,0,0,0,0,0.17,0,0,0,0,0.17,0.17,0,0,0,0,0,0,0,0,0,0,0,0,0,0,0,0.17,0,0,0,0,0,0,0,0,0,0,0.17,0,0,0,0,0.17,0,0,0.17,0,0,0,0,0,0,0,0,0,0,0,0,0,0,0,0,0,0,0,0.17,0,0,0,0,0,0,0.33,0,0,0,0,0,0,0,0,0.17,0,0,0,0,0,0,0,0,0,0,0,0,0,0,0,0,0,0
STM,Cha4,Hap5,Anti,0,0,0,0,0,0,-0.5,0,0,0,0,0,0,0,0,0,0,0,-0.33,0,0,0,0,-0.33,0,0,0,0,0,0,0,0,0,0,0,0,0,0,0,0,0,-0.17,0,0,0,0,0,0,0,0,-0.17,-0.17,0,0,0,0,0,0,0,0,0,0,0,0,0,0,0,0,0,0,0,0,0,0,0,0,0,0,0,0,0,0,0,0,0,-0.17,0,0,0,0,-0.17,0,0,0,0,0,-0.17,0,0,0,0,0,-0.17,-0.17,0,0,-0.17,0,0,0,0,0,0,0,0,0,0,0,0,-0.17,0,0,0,0,-0.33,0,0,0,0,-0.5,0,-0.33,0,0,0,0,0,0,0,0,0,0,0,0,0,0,0,0,0,-0.17,0,0,0,-0.17,0,0,0,0,-0.17,0,0,0,0,0,0,0,0,0,0,0,-0.17,0,0,0,0,0,-0.17,0,0,0,0,0,0,0,-0.33,0,0,0,0,0,0,0,0,0,0,0,0,0,0,0,-0.17,0,0,-0.33,0,-0.17,0,0,0,0,0,0,0,0,0,0,0,0,0,0,0,0,-0.17,0,0,0,0,0,0,0,-0.17,0,0,0,0,0,0,0,0,0,0,0,0,0,0,0,0,0,0,0,0,0,-0.17,0,0,0,-0.33,0,0,0,0,0,0,0,0,0,0,0,0,0,0,0,0,0,0,0,-0.17,0,0,0,0,0,0,0,0,0,0,0,0,0,0,0,0,0,0,0,0,0,0,0,0,0,0,0,0,0,0,0,0,0,0,0,0,0,0,0,0,0,-0.17,0,0,0,0,0,0,-0.17,0,0,0,0,0,0,0,0,0,0,-0.17,0,0,0,0,0,0,0,-0.33,0,0,-0.17,0,0,-0.17,-0.17,0,0,0,0,0,0,0,0,0,0,0,0,0,0,0,0,-0.17,0,0,-0.33,0,0,0,0,0,0,0,0,0,0,-0.33,0,0,0,0,0,0,0,0,0,0,0,0,0,0,0,0,0,0,0,0,-0.33,0,0,0,0,-0.17,0,-0.17,0,0,-0.17,0,0,0,0,0,0,0,0,-0.17,0,0,0,0,0,0,0,0,0,0,0,0,0,0,0,0,0,0,0,0,0,0,0,0,0,0,0,0,0,0,0,0,0,0,0,0,0,0,0,0,0,0,0,0,0,0,0,0,0,0,0,0,0,0,0,0,0,-0.17,0,-0.17,0,0,0,0,0,0,0,0,0,0,0,0,0,0,0,0,0,0,0,0,0,0,0,0,0,0,0,0,0,0,0,0,0,0,0,0,0,0,0,0,0,0,0,0,0,0,0,0,0,0,0,0,0,0,0,0,0,0,0,0,0,0,0,0,-0.17,0,0,0,0,-0.17,0,0,0,0,0,-0.17,-0.17,-0.17,0,0,0,0,0,0,0,0,0,0,0,0,0,0,0,0,0,0,-0.5,0,-0.33,0,-0.17,0,-0.33,0,0,0,0,0,0,0,0,0,0,0,0,0,0,-0.17,0,0,0,0,0,0,0,0,0,0,0,0,0,0,0,0,0,0,-0.33,0,0,0,0,0,0,0,0,0,0,0,0,0,0,0,0,0,0,0,0,0,-0.33,0,0,0,0,0,0,0,0,0,-0.33,0,0,0,0,0,0,0,0,0,0,0,0,0,0,0,0,0,0,0,-0.17,0,0,0,0,0,-0.17,0,0,0,0,0,0,0,0,0,0,0,0,0,0,0,0,0,0,0,0,0,0,0,0,0,0,0,0,0,0,0,0,0,0,0,0,0,0,0,0,0,0,-0.17,0,-0.17,0,0,0,0,0,0,0,0,0,0,0,0,0,0,0,0,0,0,-0.17,0,0,0,0,-0.17,0,-0.17,0,0,0,0,0,0,0,0,0,0,0,0,0,0,0,0,0,0,0,-0.33,0,-0.17,0,0,0,0,0,0,0,0,0,-0.17,0,0,0,0,0,0,0,0,0,0,0,0,0,0,0,-0.33,0,0,0,0,0,-0.17,0,0,0,-0.17,0,0,0,-0.17,0,0,0,0,0,0,0,0,0,0,0,0,0,0,0,0,0,0,0,0,0,0,0,0,0,0,0,0,0,0,-0.17,0,0,0,0,0,0,0,0,0,0,0,0,0,0,-0.33,0,0,0,0,0,0,0,0,-0.17,0,0,0,0,0,0,0,0,0,0,0,0,0,0,0,0,0,0,0,0,0,0,0,0,0,0,0,0,0,-0.17,0,0,0,0,0,0,0,0,0,0,0,0,0,0,0,0,0,0,0,0,0,0,0,0,0,0,0,0,0,0,0,0,0,0,0,0,-0.17,-0.17,-0.17,0,0,0,0,0,0,0,0,-0.17,0,0,0,0,0,0,-0.17,0,0,0,0,0,0,0,0,0,-0.33,0,0,0,0,0,-0.17,0,0,0,0,0,0,0,0,0,0,0,0,0,0,0,0,0,0,0,0,0,0,0,-0.33,-0.17,0,0,0,0,0,0,0,0
STM,Cin5,Hap5,Sense,0,0.07,0,0,0.07,0.07,0,0,0,0.04,0,0,0.02,0.04,0,0,0.02,0,0,0.02,0.09,0.02,0.04,0,0.02,0,0.02,0,0.02,0,0.02,0.02,0,0.02,0.04,0,0.04,0.04,0,0,0,0.04,0,0,0,0.07,0,0,0.02,0.02,0,0.02,0,0.02,0,0.02,0,0.02,0,0.02,0,0,0,0.02,0,0.02,0.02,0,0.02,0.02,0.04,0.02,0,0,0.02,0,0.02,0.02,0.04,0,0.02,0,0,0.07,0,0,0.02,0,0.02,0.02,0.04,0,0,0.04,0.04,0,0,0.07,0.02,0,0.02,0.07,0,0,0.02,0.02,0.02,0.02,0.04,0.02,0.02,0,0,0,0.07,0.13,0.02,0,0,0,0,0.07,0,0,0.02,0.02,0.07,0,0,0,0.02,0.02,0,0,0,0.04,0.02,0.04,0,0,0.02,0.02,0.07,0.04,0.02,0.02,0.02,0.07,0,0,0.02,0,0,0.04,0.02,0.04,0,0.02,0,0,0,0.02,0.02,0.07,0.04,0,0.02,0.02,0,0.02,0,0,0.02,0,0.04,0.02,0.04,0,0.11,0.07,0.02,0,0,0.02,0.04,0,0.02,0.02,0.02,0.02,0,0.07,0,0.04,0.07,0.02,0.04,0,0,0,0.02,0,0.04,0.02,0.02,0.02,0.02,0,0.04,0,0,0,0.02,0,0,0.02,0.02,0,0,0.02,0,0.02,0.02,0.04,0.07,0.02,0,0,0.07,0,0,0,0.02,0.02,0.09,0.02,0.02,0,0,0.04,0,0,0.02,0,0,0.02,0.02,0.02,0.02,0,0.04,0.04,0.02,0.02,0,0.09,0.09,0,0,0,0,0,0,0,0,0,0.02,0,0.04,0,0.02,0.02,0.02,0.02,0,0,0,0,0,0,0.02,0,0,0.02,0.04,0.02,0.04,0,0.09,0,0,0.02,0,0.02,0.02,0.09,0,0,0,0,0.04,0.04,0,0,0,0.04,0,0.02,0.04,0.02,0.07,0,0.02,0.07,0,0,0.04,0.04,0.04,0,0,0,0.02,0,0,0,0,0.02,0,0.02,0.04,0.04,0.02,0.02,0,0,0,0.02,0.02,0.02,0,0.04,0,0,0,0,0,0,0.02,0.04,0,0.04,0.02,0,0.02,0.02,0,0,0.04,0,0.04,0,0,0.02,0,0.02,0.04,0.02,0.02,0,0,0.04,0.02,0.04,0.04,0,0,0,0,0,0,0,0,0.04,0,0.02,0.07,0,0,0.02,0.04,0,0.02,0,0.02,0.04,0.09,0,0,0.02,0,0,0.02,0,0,0,0,0,0,0,0,0.02,0,0,0.02,0,0.02,0.02,0,0.04,0,0,0,0,0,0,0.02,0,0,0,0.02,0.02,0,0.02,0,0,0,0,0,0.02,0.02,0.02,0,0.02,0.02,0.02,0,0,0.02,0,0,0,0,0,0.02,0.02,0,0.07,0.02,0.02,0,0,0,0,0,0,0.04,0.04,0.02,0,0,0,0,0.02,0,0,0.02,0,0,0.02,0,0,0.02,0,0,0.04,0,0,0,0,0,0,0,0.02,0.04,0,0,0,0.02,0.02,0,0.04,0.09,0,0,0.02,0.02,0,0,0.02,0.09,0,0,0,0,0,0,0,0.07,0.04,0.04,0.04,0.02,0,0,0.07,0,0,0,0,0.04,0.04,0.04,0,0.02,0.04,0,0,0,0.04,0.09,0.09,0.04,0.02,0.02,0,0.02,0,0.02,0,0.02,0.04,0.02,0.02,0.04,0,0,0,0.02,0,0,0,0,0.04,0,0.02,0.02,0,0,0,0,0.07,0,0.04,0.07,0.07,0,0.04,0,0,0.07,0,0,0,0,0,0.02,0,0,0.07,0,0.04,0,0.02,0,0.04,0,0,0.02,0.02,0,0,0.04,0.02,0.02,0,0,0.02,0.02,0,0.09,0.04,0.02,0,0,0.02,0,0,0.07,0.02,0.02,0.02,0,0,0.02,0.02,0.02,0.02,0.02,0,0.02,0,0,0,0.02,0,0,0,0.02,0,0,0,0,0,0,0,0.02,0,0.07,0.02,0,0.04,0,0.02,0.02,0.02,0.07,0,0.02,0,0.04,0,0,0.02,0,0.04,0.02,0,0.02,0,0,0,0,0,0,0.04,0,0.02,0,0,0.02,0,0,0.02,0.02,0.02,0,0.02,0.02,0,0.02,0.02,0.02,0,0.02,0.02,0,0.02,0.02,0.02,0,0,0,0.02,0.02,0.02,0.02,0.07,0,0.02,0.07,0.02,0,0,0,0.02,0,0.02,0.02,0,0,0.07,0,0.02,0,0.04,0,0.04,0,0.04,0.02,0.04,0,0,0,0,0,0.07,0,0.02,0.02,0,0,0,0,0.02,0.07,0.04,0.09,0,0,0.02,0.02,0.04,0.04,0,0.02,0,0,0.02,0,0.04,0.04,0,0,0,0,0,0.09,0,0.04,0.02,0.07,0,0.02,0,0.07,0,0,0.07,0,0,0.02,0,0,0,0.02,0,0.07,0.07,0,0,0.02,0.07,0.04,0.02,0,0.02,0.02,0.02,0.02,0.02,0.02,0.02,0.02,0.04,0,0,0.02,0,0.02,0.02,0,0,0,0,0,0.07,0.02,0,0.02,0,0.07,0,0,0,0.02,0,0.02,0,0,0,0.04,0.02,0.02,0.02,0.02,0,0.02,0,0.07,0,0,0.07,0.07,0.02,0.04,0,0.02,0.04,0.02,0,0.02,0.02,0.07,0.02,0.02,0.04,0.04,0,0.02,0.04,0,0,0.04,0,0,0.02,0.04,0.04,0,0,0.02,0.02,0,0.04,0,0,0,0.02,0.02,0,0,0.04,0,0.02,0.04,0.02,0.02,0.02,0,0,0,0,0,0.04,0.02,0,0,0,0,0,0.04,0,0,0.02,0,0,0,0,0.02,0,0,0.02,0,0,0,0,0,0.02,0,0,0.07,0.07,0.02,0.02,0,0.02,0.02,0.04,0.07,0,0,0,0.02,0,0,0,0,0.02,0.04,0.02,0.04,0,0.04,0.04,0.09,0.02,0.04,0.02,0,0.04,0,0,0,0,0,0,0.02,0.04,0.02,0,0.04,0,0,0.02,0.04,0,0,0.02,0.02,0,0.04,0.04,0,0.04,0,0.02,0.02,0.07,0,0,0,0.04,0,0,0.02,0,0.04,0,0,0,0,0.02,0.11,0.02,0.02,0,0.02,0
STM,Cin5,Hap5,Anti,-0.02,0,0,-0.02,-0.07,-0.04,-0.02,-0.02,0,-0.02,0,0,-0.02,-0.02,0,-0.04,0,-0.02,-0.04,-0.02,0,0,-0.02,-0.02,-0.02,-0.02,0,-0.04,0,0,0,0,-0.02,0,-0.02,0,0,-0.04,0,0,0,-0.04,0,-0.04,-0.02,0,-0.09,-0.02,0,0,0,0,0,-0.02,0,-0.07,0,0,0,-0.02,0,0,0,-0.02,0,-0.07,-0.02,0,-0.04,-0.02,-0.02,0,0,0,0,-0.07,0,-0.02,-0.04,-0.02,0,-0.04,0,-0.02,0,0,-0.02,-0.04,-0.04,-0.02,-0.04,0,-0.02,-0.02,0,0,-0.02,0,-0.02,0,-0.02,-0.02,0,0,-0.02,-0.02,-0.02,-0.02,-0.04,-0.02,-0.04,-0.04,-0.04,-0.02,0,0,-0.04,-0.04,0,-0.07,0,-0.02,-0.04,-0.07,-0.04,0,-0.07,-0.04,-0.02,-0.07,-0.02,-0.09,-0.02,-0.02,0,-0.04,0,-0.04,0,0,-0.07,0,-0.02,0,-0.11,-0.02,-0.09,0,-0.02,-0.02,0,0,-0.04,-0.02,-0.07,0,0,-0.04,0,0,-0.02,-0.02,-0.02,0,-0.02,0,-0.04,-0.04,0,0,-0.02,-0.09,0,-0.02,-0.02,0,-0.04,0,-0.02,-0.02,0,0,0,-0.09,-0.04,-0.07,-0.04,-0.02,0,-0.02,0,0,-0.04,-0.02,-0.04,-0.02,0,-0.04,0,0,0,-0.04,-0.02,-0.02,-0.02,-0.02,0,0,0,0,0,-0.04,0,-0.02,-0.02,0,-0.02,-0.02,-0.07,0,-0.04,-0.02,0,0,0,-0.04,0,0,-0.02,0,0,0,-0.02,-0.02,0,-0.04,0,-0.02,0,-0.02,0,0,-0.02,0,-0.02,-0.02,-0.07,-0.02,-0.04,0,-0.07,0,-0.04,0,-0.04,0,0,-0.04,-0.02,0,0,0,-0.02,0,-0.02,0,0,-0.04,0,0,-0.04,-0.02,0,-0.04,0,-0.07,0,0,0,0,-0.04,-0.04,0,0,-0.02,0,0,-0.02,0,-0.04,-0.02,0,0,-0.02,0,0,-0.04,0,-0.02,0,-0.04,-0.02,0,-0.04,0,0,-0.04,0,-0.02,-0.02,0,0,0,0,-0.02,-0.02,-0.04,-0.02,-0.04,0,-0.07,0,-0.09,-0.02,0,-0.02,-0.07,-0.04,0,-0.02,-0.02,-0.02,0,0,0,-0.02,0,0,0,0,0,0,0,0,-0.02,-0.07,0,0,0,0,0,0,0,0,-0.04,0,0,0,0,0,-0.02,0,-0.04,0,0,-0.04,-0.07,0,0,-0.04,-0.02,0,0,0,0,0,-0.07,0,-0.02,-0.07,0,-0.04,0,0,0,-0.02,-0.04,-0.02,0,-0.02,0,-0.04,-0.02,-0.02,-0.04,-0.07,-0.02,0,-0.02,0,-0.02,-0.04,-0.02,0,0,0,0,-0.04,0,-0.02,-0.07,-0.02,0,-0.07,-0.02,0,0,0,-0.02,-0.02,-0.02,-0.02,-0.02,-0.02,-0.02,-0.04,0,-0.02,-0.04,-0.04,0,0,-0.04,-0.02,-0.02,-0.04,-0.04,0,0,-0.02,0,0,0,0,-0.02,0,-0.07,0,0,-0.04,-0.02,-0.02,0,-0.02,-0.04,0,0,0,0,-0.04,0,0,-0.02,0,0,-0.02,-0.07,-0.02,-0.02,-0.02,0,-0.04,-0.02,0,0,-0.02,-0.04,-0.02,0,0,0,0,0,0,0,0,0,0,0,0,-0.02,-0.04,0,-0.02,0,-0.02,-0.09,0,0,-0.02,0,-0.04,0,-0.02,0,-0.02,0,-0.02,0,-0.02,-0.02,0,0,0,0,-0.09,-0.04,0,0,0,0,0,0,-0.04,0,-0.04,-0.02,-0.02,-0.02,0,0,-0.04,0,0,0,0,0,-0.04,0,0,0,0,-0.02,-0.02,0,0,0,-0.04,-0.02,0,-0.02,0,-0.04,-0.02,-0.02,-0.02,-0.02,-0.02,-0.04,0,0,0,0,-0.02,-0.02,-0.02,-0.02,-0.02,-0.02,-0.07,0,-0.09,-0.02,-0.04,0,0,0,-0.02,-0.07,-0.02,-0.11,0,0,0,-0.02,-0.02,0,0,0,-0.02,-0.02,0,-0.09,-0.04,0,0,-0.02,-0.02,0,-0.02,-0.04,0,-0.04,0,-0.04,-0.02,0,0,-0.07,0,0,-0.04,0,0,-0.02,0,-0.07,-0.02,0,-0.02,-0.02,-0.02,-0.04,-0.02,-0.04,-0.04,-0.02,-0.02,-0.07,0,0,0,0,-0.02,0,0,-0.02,0,0,0,-0.02,-0.07,-0.02,0,0,0,-0.04,-0.02,0,0,0,-0.04,-0.02,0,-0.02,-0.02,0,-0.02,-0.02,-0.02,0,0,-0.02,-0.02,0,-0.02,-0.04,-0.02,0,-0.02,-0.02,-0.02,0,-0.02,0,-0.02,-0.07,-0.02,-0.04,-0.02,0,-0.02,-0.02,-0.04,0,0,0,-0.04,0,0,-0.02,-0.04,-0.04,0,0,0,-0.04,0,-0.02,-0.04,-0.02,0,0,0,-0.02,-0.02,0,-0.04,-0.04,0,-0.04,0,-0.07,-0.02,-0.02,0,0,0,0,0,-0.02,-0.02,-0.04,-0.04,-0.02,0,0,0,-0.02,-0.04,-0.09,0,-0.02,0,0,0,0,0,0,-0.02,0,-0.02,0,-0.02,0,-0.04,0,0,0,-0.04,0,0,0,0,0,-0.07,-0.04,0,-0.02,-0.02,0,0,-0.02,0,-0.02,-0.02,0,-0.02,-0.02,-0.07,0,-0.04,-0.02,-0.02,-0.04,0,-0.02,0,-0.04,-0.04,0,-0.02,0,0,-0.07,-0.02,0,0,0,0,0,0,0,-0.09,0,0,-0.02,-0.02,-0.04,-0.04,0,-0.04,-0.02,0,0,0,0,-0.02,-0.07,-0.02,0,0,-0.04,0,0,0,0,0,-0.02,0,-0.02,-0.07,-0.07,-0.07,-0.02,-0.02,-0.09,0,-0.02,0,0,-0.02,-0.02,0,-0.02,-0.02,-0.07,0,-0.02,0,0,0,-0.02,-0.02,0,0,-0.11,0,-0.02,0,0,-0.04,-0.02,-0.04,-0.02,-0.02,-0.02,-0.07,0,-0.02,0,0,0,0,-0.02,-0.02,0,-0.02,0,0,-0.09,0,0,-0.04,0,0,-0.02,-0.07,0,-0.02,0,0,0,0,0,0,0,0,0,-0.02,-0.07,-0.02,0,-0.02,-0.07,0,-0.02,-0.04,-0.02,-0.07,0,0,0,-0.02,0,-0.02,-0.04,-0.04,0,0,0,0,0,0,-0.02,-0.02,0,-0.02,-0.02,0,0,0,0,-0.02,-0.02,0,0,-0.02,-0.16,-0.02,-0.02,-0.04,0,0,-0.02,0,-0.02,0,-0.02,-0.04,-0.04,-0.04,0,-0.02,-0.04,-0.02,0,0,0,0,-0.02,0,-0.02,0,-0.04,0,-0.04,0,0,0,-0.04,0,0,0,0,-0.02,-0.07,-0.02,-0.02,0,0,-0.02,-0.02,0,-0.02,0,-0.02,-0.02,-0.02,0,-0.02,0,-0.11,-0.02,-0.02,-0.02,0,-0.07,-0.02,-0.02,0,0,-0.02,0,-0.07,-0.02,-0.11,0,-0.07,-0.04
STM,Crz1,Hap5,Sense,0,0,0,0,0,0,0,0,0,0,0,0,0,0,0,0,0.2,0,0,0,0,0,0,0,0.4,0,0,0,0,0,0,0,0,0,0,0,0,0,0,0,0,0,0,0,0,0,0,0,0,0,0,0.4,0,0,0,0,0,0,0,0,0,0,0,0,0,0,0,0,0,0,0,0,0,0,0.4,0,0,0,0,0,0,0,0,0,0,0,0,0,0,0,0,0,0,0,0,0,0,0,0,0,0,0,0,0,0,0,0,0,0,0,0,0,0,0,0,0,0,0.2,0,0,0,0,0,0,0,0,0,0,0,0,0,0,0,0,0,0,0,0,0,0,0,0,0,0,0,0,0,0,0,0,0,0,0,0,0,0,0,0,0,0,0,0,0,0,0,0,0,0,0,0,0,0,0,0.2,0,0,0,0,0,0,0,0,0,0,0,0,0,0,0,0,0,0,0,0,0,0,0,0,0,0,0,0,0,0,0,0,0,0,0,0,0,0,0,0,0,0,0,0.4,0,0,0,0,0,0,0,0,0,0,0,0,0,0,0,0,0,0,0,0,0,0,0,0,0,0,0,0,0,0,0,0,0,0,0,0,0,0,0,0,0,0.4,0,0,0,0,0,0,0,0,0.2,0,0,0,0,0,0,0,0,0,0,0,0,0,0,0,0,0,0,0,0,0,0,0,0,0,0,0,0,0,0,0,0,0,0,0,0,0,0,0,0,0,0,0,0,0,0,0,0,0,0,0,0,0,0,0,0,0,0,0,0,0,0,0,0,0,0,0,0,0,0,0,0,0,0,0,0,0,0,0,0,0,0,0,0,0,0,0,0,0,0,0,0,0,0,0,0,0,0,0,0,0,0,0,0,0,0.2,0.4,0,0,0,0,0,0,0,0,0,0,0,0,0,0,0,0,0,0,0,0,0,0,0,0,0,0,0,0,0,0,0,0,0,0,0,0,0,0,0,0,0,0,0,0,0.2,0,0,0.4,0,0,0,0,0,0,0,0,0,0,0,0,0,0,0.4,0,0.4,0,0,0,0,0,0,0,0,0,0,0,0,0,0,0.2,0,0,0,0,0,0,0,0,0,0,0,0,0,0,0,0,0,0,0,0,0,0,0,0,0,0,0,0,0,0,0,0,0,0,0,0.4,0,0,0,0,0,0,0,0,0,0,0,0,0,0,0,0,0.4,0,0,0,0,0,0,0,0,0,0,0,0,0,0,0,0,0,0,0,0,0,0,0,0,0,0,0,0,0,0,0.4,0,0,0,0,0,0,0,0,0,0,0,0,0,0,0,0,0,0.4,0,0,0,0,0,0,0,0,0,0.4,0,0,0,0,0,0.2,0.4,0,0,0,0,0,0,0,0,0,0,0,0.4,0,0,0,0,0.2,0,0,0,0.4,0,0,0,0,0,0,0,0,0,0,0,0,0,0,0,0,0,0,0,0,0,0,0,0,0,0,0.4,0,0,0,0,0,0,0,0,0,0,0.2,0,0,0,0,0,0,0,0,0,0,0,0,0,0,0,0.4,0,0,0,0,0,0,0,0,0,0,0,0,0,0,0,0,0,0,0,0,0,0,0,0,0.4,0,0,0,0,0,0,0,0,0,0,0,0.4,0,0,0,0,0,0,0,0,0,0,0,0,0,0,0,0,0,0,0,0,0,0,0,0,0,0.2,0,0,0,0,0,0,0,0,0,0,0.2,0,0,0.4,0,0,0,0,0,0,0,0,0,0,0,0,0,0.4,0,0,0,0,0,0,0,0,0,0,0,0,0,0,0,0,0,0,0,0,0,0,0,0,0,0,0,0,0,0,0,0,0,0,0,0.2,0,0.4,0,0,0,0,0,0.4,0,0,0,0,0,0,0,0,0,0,0,0,0,0,0,0,0,0,0,0,0,0,0,0,0,0,0.4,0,0,0,0,0,0,0,0,0,0,0,0,0,0,0,0,0,0,0,0,0,0,0,0,0,0,0,0,0,0,0,0,0,0,0,0,0,0,0,0,0,0,0,0,0,0,0,0,0,0,0,0.4,0,0,0,0,0,0,0,0,0,0,0,0.4,0,0,0,0,0,0,0,0,0,0,0,0,0.2,0,0,0.2,0,0,0,0,0,0,0,0,0,0,0,0,0,0,0,0,0,0,0,0,0,0,0,0,0,0,0,0,0,0,0,0,0,0,0,0,0,0,0,0,0,0,0,0,0,0,0,0,0,0,0,0.4,0,0,0,0,0,0,0,0,0,0,0,0,0,0,0.4,0,0,0,0,0,0.4,0,0,0,0,0,0,0,0,0,0,0,0,0,0,0,0,0,0,0,0,0,0,0,0,0,0,0,0,0,0,0,0,0,0,0
STM,Crz1,Hap5,Anti,0,0,0,0,0,0,0,0,0,0,0,0,-0.4,0,0,0,0,0,0,0,0,0,0,0,0,0,0,0,0,0,-0.4,0,0,0,0,0,0,0,0,0,0,0,0,0,0,0,0,0,0,0,-0.4,0,0,0,0,0,0,0,0,0,0,0,0,0,0,0,0,0,0,0,0,0,0,0,0,0,0,0,0,0,0,0,0,0,0,0,0,-0.4,0,0,0,0,0,0,0,0,0,0,0,0,0,0,0,0,0,0,0,0,0,0,0,0,0,0,0,0,0,-0.2,0,0,0,0,0,0,0,0,0,0,0,0,0,0,0,0,0,0,0,0,0,0,0,0,0,0,0,0,0,0,0,0,0,0,0,0,0,0,0,0,0,0,0,0,0,0,0,0,0,0,0,0,0,0,0,0,0,0,0,0,0,0,0,0,0,-0.4,0,0,0,0,0,0,0,0,-0.4,-0.2,0,0,0,0,0,-0.4,0,0,0,0,0,0,0,0,0,0,0,-0.4,-0.4,0,0,0,0,0,0,0,0,-0.4,0,0,0,0,0,0,0,0,0,0,0,0,0,0,0,0,0,0,0,0,0,0,0,0,0,-0.4,-0.2,0,0,-0.4,0,0,0,0,0,0,0,0,0,0,0,0,0,0,0,0,-0.4,0,0,0,0,0,-0.2,0,0,0,0,0,0,0,0,-0.4,0,0,0,0,0,0,0,0,0,0,0,0,0,0,0,0,0,0,0,0,0,0,0,0,0,0,0,0,0,0,-0.2,0,0,0,0,0,0,0,0,0,-0.4,0,0,0,0,0,0,0,0,-0.4,0,0,0,0,0,0,0,0,0,0,0,0,0,0,0,0,0,0,0,0,0,0,0,0,0,0,0,0,0,0,0,0,0,0,-0.2,0,0,0,0,0,0,0,0,0,0,0,0,0,0,0,0,0,0,0,0,0,0,0,0,0,0,0,0,0,0,0,0,0,0,0,0,0,0,0,0,0,0,0,0,0,0,-0.4,0,0,0,0,0,0,0,-0.4,0,0,0,0,0,-0.4,0,0,0,0,0,0,0,0,0,0,0,0,0,0,-0.4,0,0,0,0,0,0,0,0,0,0,0,-0.4,0,0,0,0,0,0,0,0,0,0,0,0,0,0,0,0,0,0,0,0,0,0,0,0,0,0,0,0,0,0,0,-0.4,0,0,0,0,0,0,0,0,0,0,-0.4,0,0,0,0,0,0,0,0,0,0,0,0,-0.4,0,0,0,0,0,0,0,0,0,0,0,-0.4,0,0,0,0,0,0,0,0,0,0,0,0,0,0,0,0,0,0,0,0,0,0,-0.4,0,0,0,0,0,0,0,0,0,0,0,0,0,0,0,0,0,0,0,0,-0.2,0,0,0,0,0,0,0,0,0,0,0,0,0,0,0,0,0,0,0,0,-0.2,0,0,-0.4,0,0,0,0,0,0,0,0,0,0,0,0,0,0,-0.2,0,0,0,0,0,0,0,0,0,0,0,0,0,0,0,0,0,0,0,0,0,-0.8,0,0,0,0,0,0,0,0,0,0,0,0,0,0,0,0,0,0,0,0,0,0,0,0,0,0,0,0,0,0,0,0,0,0,0,0,0,0,0,0,0,0,0,0,-0.4,0,0,0,0,0,0,0,0,0,0,0,0,0,0,0,-0.2,0,0,0,0,0,0,0,0,0,0,0,-0.4,0,0,0,0,0,0,0,0,0,0,0,0,0,0,0,0,0,0,0,0,0,0,-0.4,0,0,0,-0.4,0,0,0,0,0,0,0,0,0,0,0,0,0,0,0,0,0,0,0,0,0,0,0,0,0,0,0,0,0,0,0,0,0,0,0,-0.4,0,0,0,0,0,0,0,0,-0.2,0,0,0,0,0,0,-0.4,0,0,0,0,0,0,0,0,0,0,0,0,0,0,0,0,-0.2,0,0,0,0,0,0,-0.4,0,0,0,0,0,0,0,0,0,0,0,0,0,0,0,0,0,0,0,0,0,0,0,-0.4,0,-0.2,0,0,0,0,0,0,0,0,0,0,0,0,0,0,0,0,0,0,0,0,0,0,0,0,0,0,0,0,0,-0.4,0,0,0,0,0,0,0,0,0,0,0,-0.4,-0.4,0,-0.6,0,0,0,0,0,0,0,0,0,0,0,0,0,0,0,0,0,-0.4,0,0,0,0,0,0,0,0,0,0,0,0,0,0,0,0,0,0,0,0,0,0,0,0,0,0,0,0,0,0,0,0,0,0,0,0,0,-0.2,0,0,0,0,0,0,0,0,0,0,0,0,0,0,0,0,0,0,0,0,0,0,0,0,0,-0.4,0,0,0,0,0,0,0,0,0,0,0,0,0,0,0,0,0,-0.4,0,0,0,0,0,0,0,0,0,0,0,0,-0.4,0,0,0,0,0,0,0,0,0,0
STM,Cup9,Hap5,Sense,0,0.11,0,0,0,0,0,0,0,0,0,0,0,0,0,0,0,0,0,0.11,0,0,0,0,0,0,0,0,0,0,0,0,0,0,0,0,0,0,0,0,0,0,0,0,0,0,0.22,0,0,0,0,0,0,0.11,0,0,0,0,0,0,0.11,0,0,0,0,0,0,0,0,0,0.22,0.11,0,0,0,0.11,0,0,0,0,0,0,0.11,0,0,0,0,0,0,0,0,0,0,0,0,0,0,0,0,0.11,0,0.11,0.11,0,0,0,0,0,0,0,0,0,0,0.11,0.11,0,0.11,0,0,0,0,0,0,0,0.11,0,0,0,0,0,0,0,0,0,0.11,0,0,0,0,0,0,0.11,0,0.22,0,0,0,0,0.11,0,0.11,0,0,0,0,0,0,0,0,0,0,0,0.11,0,0,0,0,0,0,0,0,0,0,0,0,0,0,0,0,0,0,0,0,0.11,0,0,0,0,0,0.11,0,0,0,0,0,0,0,0,0,0,0,0,0,0,0,0,0,0,0,0,0,0,0,0,0,0,0,0,0,0,0,0,0,0,0,0,0,0.11,0,0,0,0,0,0,0,0,0,0,0,0,0,0.11,0.11,0,0,0,0,0,0.11,0,0,0.22,0,0,0,0,0,0,0,0.11,0,0,0.11,0,0,0,0,0,0,0.11,0,0.11,0,0,0,0,0.11,0,0,0,0.11,0,0,0,0,0,0,0,0,0,0,0,0,0,0.22,0,0,0,0,0,0,0,0,0,0,0.11,0,0,0,0.11,0,0,0,0,0,0,0,0,0,0,0,0.11,0,0,0,0,0,0,0,0,0,0,0.11,0,0,0,0,0,0,0,0,0,0,0,0,0,0,0,0,0,0,0,0,0,0,0,0,0,0,0,0,0,0,0,0,0,0,0,0,0,0,0,0,0,0,0,0,0,0,0.11,0,0,0,0,0,0,0,0,0,0,0,0,0,0,0,0,0,0,0,0,0.11,0,0,0,0,0,0,0,0.11,0,0,0,0,0,0.11,0,0,0,0,0.22,0,0,0,0,0,0,0,0.11,0,0.11,0,0,0,0,0,0.11,0,0,0,0,0,0,0,0,0,0,0,0.22,0,0,0,0,0,0,0,0,0,0,0,0,0,0,0,0,0.11,0,0,0,0,0,0,0,0,0,0,0,0,0,0,0,0,0.11,0,0,0,0,0,0,0,0,0,0,0,0,0,0.11,0,0,0,0,0.11,0,0,0,0,0,0,0,0,0,0,0,0,0,0,0,0,0,0,0,0,0,0,0,0.11,0,0,0,0,0,0,0,0,0,0,0,0,0,0,0,0,0,0,0,0,0,0.11,0,0,0,0.11,0,0,0,0,0,0,0,0,0,0,0,0,0,0,0,0,0,0,0,0,0,0,0,0,0,0,0,0,0,0,0,0,0,0,0,0,0,0,0,0,0,0,0,0,0,0,0,0,0.11,0.11,0,0.11,0.11,0,0,0,0,0,0,0,0,0.11,0,0,0,0.33,0,0.11,0,0,0,0,0,0,0,0,0,0.11,0,0,0,0,0,0,0,0,0,0.11,0,0,0,0,0.22,0,0,0,0,0,0,0,0,0,0,0,0,0,0.11,0,0,0.11,0,0,0,0,0.11,0,0,0,0,0,0,0,0,0,0,0,0,0,0,0,0,0,0,0,0,0,0,0,0,0,0,0,0,0,0,0,0.22,0,0,0,0,0,0,0,0,0,0,0.11,0,0.11,0,0,0,0,0,0,0.11,0,0,0.22,0,0,0,0,0.11,0,0,0,0,0,0.11,0.11,0,0.11,0,0,0,0,0,0,0.22,0,0,0,0,0,0,0,0,0,0,0,0.11,0,0,0,0,0,0,0.11,0.11,0,0,0,0,0,0,0.11,0,0.11,0,0,0,0,0,0,0,0,0.11,0.11,0,0,0,0,0,0,0,0,0.11,0,0,0,0,0,0,0,0,0.11,0,0.11,0,0,0,0,0,0,0,0,0.11,0,0,0,0,0,0,0.11,0,0,0,0.11,0,0,0,0.11,0,0,0.11,0,0,0.11,0,0,0,0,0,0.11,0,0,0,0,0,0,0,0,0,0.22,0,0,0,0,0,0,0,0,0,0.11,0,0,0,0,0.11,0,0,0,0,0,0,0,0,0.11,0.11,0,0.11,0,0,0,0,0,0,0.11,0,0,0,0.11,0,0,0,0,0,0,0,0,0,0,0,0.22,0,0,0,0,0,0,0.11,0,0,0,0,0,0.11,0,0.22,0,0,0,0,0,0,0,0,0,0,0,0,0,0,0,0,0,0,0,0.11,0,0,0,0.11,0,0,0,0,0,0,0.11,0.11,0.11,0,0,0,0,0,0,0,0,0,0,0,0,0,0.11,0,0.11,0,0,0,0,0,0,0,0,0,0,0,0,0,0,0,0,0,0,0.22,0.22,0,0,0,0,0,0,0,0,0,0,0,0,0,0,0,0,0,0,0
STM,Cup9,Hap5,Anti,0,0,0,-0.11,0,0,0,0,0,0,0,0,0,0,0,0,0,0,0,-0.11,0,0,-0.11,-0.33,0,0,0,0,0,0,-0.11,0,0,0,0,0,0,-0.22,0,-0.11,0,0,0,0,0,0,-0.11,0,0,0,0,0,-0.11,0,0,-0.11,0,0,-0.22,0,0,0,0,0,0,-0.11,-0.11,0,0,-0.22,0,0,-0.11,0,0,-0.11,0,0,-0.11,0,0,0,0,0,0,0,0,0,0,0,0,0,0,0,0,0,0,0,0,-0.11,0,0,0,0,0,0,0,0,0,0,0,-0.22,0,0,0,0,0,0,0,0,-0.11,0,0,-0.11,0,0,0,0,0,0,-0.11,0,-0.11,0,0,-0.11,-0.11,0,0,0,0,-0.11,0,0,-0.11,0,0,0,0,-0.11,0,0,0,-0.11,0,0,-0.11,0,0,0,0,0,0,0,0,0,0,0,0,0,0,0,0,0,0,0,0,0,-0.22,0,0,0,0,0,0,0,0,0,0,0,-0.22,0,0,-0.11,0,0,0,0,0,0,0,0,0,0,0,-0.11,0,0,0,0,0,0,0,0,0,0,0,0,0,0,-0.11,0,0,0,0,0,0,-0.22,0,-0.22,-0.11,0,0,0,0,0,0,-0.11,0,0,0,0,0,0,0,0,0,0,0,0,-0.11,0,0,-0.11,0,0,0,0,0,0,0,0,-0.11,0,0,0,0,0,0,0,0,0,0,0,0,0,0,0,-0.11,0,0,0,0,0,0,0,0,0,-0.11,0,0,0,-0.11,-0.11,0,0,0,0,0,0,0,0,0,0,0,0,0,0,0,0,0,0,0,0,-0.11,0,0,0,0,0,-0.11,-0.11,0,0,0,0,0,0,0,0,0,0,0,0,0,0,-0.11,0,0,0,0,0,0,-0.11,0,0,0,0,0,0,0,0,0,0,0,0,0,0,0,0,0,-0.11,0,0,0,0,0,0,0,0,0,0,0,0,0,0,-0.11,0,0,0,0,0,0,0,0,0,-0.11,0,0,0,0,0,0,0,0,0,0,0,0,0,-0.11,0,0,0,-0.11,0,0,0,0,0,0,-0.22,0,-0.11,0,-0.11,0,0,0,0,0,0,0,-0.11,0,0,0,0,0,0,0,0,0,0,-0.11,0,-0.11,0,-0.11,-0.11,0,0,-0.22,0,0,0,0,0,0,0,0,0,0,0,0,0,0,0,0,0,0,0,0,0,0,0,0,0,0,0,0,0,0,0,-0.11,0,0,0,0,-0.11,0,-0.11,0,0,0,0,0,0,-0.11,0,0,0,0,-0.11,0,0,0,-0.11,0,-0.11,0,0,0,0,-0.11,0,0,0,0,0,0,0,0,0,0,0,0,0,-0.22,0,0,-0.11,0,0,-0.11,0,0,0,0,0,0,0,0,0,0,0,0,0,-0.11,0,0,0,0,-0.11,0,0,0,0,0,0,0,0,0,0,0,0,0,0,0,0,0,0,0,0,0,0,0,0,0,0,0,0,0,0,0,-0.11,0,0,0,0,0,0,0,-0.11,-0.22,0,0,0,0,0,0,0,-0.11,0,0,-0.11,0,0,0,0,0,0,0,0,0,0,-0.22,0,0,0,0,0,0,0,-0.11,0,-0.33,-0.11,0,0,0,-0.11,0,0,0,0,0,0,0,0,0,0,-0.11,0,0,0,0,0,0,0,0,0,0,0,0,0,0,0,0,-0.22,0,0,-0.11,0,0,-0.11,0,0,0,0,0,-0.11,0,0,0,-0.11,0,0,0,-0.11,0,0,0,0,0,0,-0.11,-0.11,0,0,0,0,0,0,0,0,0,0,0,0,0,0,0,0,0,0,0,0,-0.22,0,0,0,0,0,0,0,0,0,0,0,0,0,0,0,-0.11,0,0,0,0,0,0,0,0,0,0,0,-0.11,0,0,0,0,0,0,0,0,-0.11,0,0,0,0,0,0,0,0,0,0,0,0,0,0,0,0,0,0,0,-0.11,0,-0.11,0,0,0,0,0,0,0,0,0,0,0,0,0,0,0,0,0,0,0,0,0,0,0,0,-0.11,0,0,0,0,0,0,0,0,0,0,0,0,0,-0.11,0,0,0,-0.11,0,-0.11,0,0,0,0,0,0,0,-0.11,0,-0.11,0,0,0,0,0,0,-0.11,-0.11,0,0,0,0,0,0,0,0,0,0,0,0,0,0,0,0,0,0,0,0,0,0,-0.11,0,0,0,0,0,0,0,-0.22,0,-0.11,0,0,0,0,0,-0.11,-0.11,0,-0.22,0,-0.11,0,0,0,0,0,0,0,0,0,-0.11,0,0,0,0,0,0,0,0,-0.11,0,0,0,0,0,0,-0.22,0,0,-0.11,0,0,0,0,0,0,0,0,0,-0.11,0,0,-0.11,0,0,0,0,0,-0.22,0,0,0,0,0,0,0,0,-0.22,0,0,0,0,0,0,0,0,0,0,-0.11,0,0,0,-0.11,0,0,0,0,0,0,0,0,0,0,0,0,0,0,0,0,-0.11,0,0,0,0,0,0,0,0,0,0,0,-0.11,0,0,0,0,-0.67,0,0,-0.11,0,0,0,0,0,-0.11,0,0,0,0,0,0,0,0,0,0,0,0,0,0,0,0,0,0,0,0
